2026-05-26 10:22:25.216 [background-preinit] INFO  >>> o.h.validator.internal.util.Version - HV000001: Hibernate Validator 8.0.3.Final
2026-05-26 10:22:25.251 [main] INFO  >>> b.i.p.Produto12026Application - Starting Produto12026Application using Java 25.0.2 with PID 5160 (C:\Users\kauan\Documents\Trabalhos IF\Atvs_BackEnd\produto1-2026\target\classes started by kauan in C:\Users\kauan\Documents\Trabalhos IF\Atvs_BackEnd\produto1-2026)
2026-05-26 10:22:25.252 [main] INFO  >>> b.i.p.Produto12026Application - The following 1 profile is active: "dev"
2026-05-26 10:22:26.006 [main] INFO  >>> o.s.d.r.c.RepositoryConfigurationDelegate - Bootstrapping Spring Data JPA repositories in DEFAULT mode.
2026-05-26 10:22:26.077 [main] INFO  >>> o.s.d.r.c.RepositoryConfigurationDelegate - Finished Spring Data repository scanning in 60 ms. Found 4 JPA repository interfaces.
2026-05-26 10:22:26.557 [main] INFO  >>> o.s.b.w.e.tomcat.TomcatWebServer - Tomcat initialized with port 8080 (http)
2026-05-26 10:22:26.570 [main] INFO  >>> o.a.coyote.http11.Http11NioProtocol - Initializing ProtocolHandler ["http-nio-8080"]
2026-05-26 10:22:26.573 [main] INFO  >>> o.a.catalina.core.StandardService - Starting service [Tomcat]
2026-05-26 10:22:26.573 [main] INFO  >>> o.a.catalina.core.StandardEngine - Starting Servlet engine: [Apache Tomcat/10.1.52]
2026-05-26 10:22:26.637 [main] INFO  >>> o.a.c.c.C.[Tomcat].[localhost].[/] - Initializing Spring embedded WebApplicationContext
2026-05-26 10:22:26.638 [main] INFO  >>> o.s.b.w.s.c.ServletWebServerApplicationContext - Root WebApplicationContext: initialization completed in 1351 ms
2026-05-26 10:22:26.800 [main] INFO  >>> com.zaxxer.hikari.HikariDataSource - HikariPool-1 - Starting...
2026-05-26 10:22:26.956 [main] INFO  >>> com.zaxxer.hikari.pool.HikariPool - HikariPool-1 - Added connection conn0: url=jdbc:h2:mem:testbd user=SA
2026-05-26 10:22:26.957 [main] INFO  >>> com.zaxxer.hikari.HikariDataSource - HikariPool-1 - Start completed.
2026-05-26 10:22:26.985 [main] INFO  >>> o.h.jpa.internal.util.LogHelper - HHH000204: Processing PersistenceUnitInfo [name: default]
2026-05-26 10:22:27.028 [main] INFO  >>> org.hibernate.Version - HHH000412: Hibernate ORM core version 6.6.42.Final
2026-05-26 10:22:27.056 [main] INFO  >>> o.h.c.i.RegionFactoryInitiator - HHH000026: Second-level cache disabled
2026-05-26 10:22:27.276 [main] INFO  >>> o.s.o.j.p.SpringPersistenceUnitInfo - No LoadTimeWeaver setup: ignoring JPA class transformer
2026-05-26 10:22:27.347 [main] INFO  >>> o.hibernate.orm.connections.pooling - HHH10001005: Database info:
	Database JDBC URL [Connecting through datasource 'HikariDataSource (HikariPool-1)']
	Database driver: undefined/unknown
	Database version: 2.3.232
	Autocommit mode: undefined/unknown
	Isolation level: undefined/unknown
	Minimum pool size: undefined/unknown
	Maximum pool size: undefined/unknown
2026-05-26 10:22:28.103 [main] INFO  >>> o.h.e.t.j.p.i.JtaPlatformInitiator - HHH000489: No JTA platform available (set 'hibernate.transaction.jta.platform' to enable JTA platform integration)
2026-05-26 10:22:28.157 [main] WARN  >>> o.h.t.s.i.ExceptionHandlerLoggedImpl - GenerationTarget encountered exception accepting command : Error executing DDL "insert into tb_produto_categoria(id_produto, id_categoria) values (5, 4)" via JDBC [Referential integrity constraint violation: "FKSF16C80YBLN49MOP4YEX7V7PG: PUBLIC.TB_PRODUTO_CATEGORIA FOREIGN KEY(ID_PRODUTO) REFERENCES PUBLIC.TB_PRODUTO(ID) (CAST(5 AS BIGINT))";]
org.hibernate.tool.schema.spi.CommandAcceptanceException: Error executing DDL "insert into tb_produto_categoria(id_produto, id_categoria) values (5, 4)" via JDBC [Referential integrity constraint violation: "FKSF16C80YBLN49MOP4YEX7V7PG: PUBLIC.TB_PRODUTO_CATEGORIA FOREIGN KEY(ID_PRODUTO) REFERENCES PUBLIC.TB_PRODUTO(ID) (CAST(5 AS BIGINT))";]
	at org.hibernate.tool.schema.internal.exec.GenerationTargetToDatabase.accept(GenerationTargetToDatabase.java:94)
	at org.hibernate.tool.schema.internal.Helper.applySqlString(Helper.java:233)
	at org.hibernate.tool.schema.internal.Helper.applyScript(Helper.java:255)
	at org.hibernate.tool.schema.internal.SchemaCreatorImpl.applyImportFiles(SchemaCreatorImpl.java:694)
	at org.hibernate.tool.schema.internal.SchemaCreatorImpl.applyImportSources(SchemaCreatorImpl.java:597)
	at org.hibernate.tool.schema.internal.SchemaCreatorImpl.performCreation(SchemaCreatorImpl.java:186)
	at org.hibernate.tool.schema.internal.SchemaCreatorImpl.doCreation(SchemaCreatorImpl.java:144)
	at org.hibernate.tool.schema.internal.SchemaCreatorImpl.doCreation(SchemaCreatorImpl.java:120)
	at org.hibernate.tool.schema.spi.SchemaManagementToolCoordinator.performDatabaseAction(SchemaManagementToolCoordinator.java:250)
	at org.hibernate.tool.schema.spi.SchemaManagementToolCoordinator.lambda$process$5(SchemaManagementToolCoordinator.java:144)
	at java.base/java.util.HashMap.forEach(HashMap.java:1430)
	at org.hibernate.tool.schema.spi.SchemaManagementToolCoordinator.process(SchemaManagementToolCoordinator.java:141)
	at org.hibernate.boot.internal.SessionFactoryObserverForSchemaExport.sessionFactoryCreated(SessionFactoryObserverForSchemaExport.java:37)
	at org.hibernate.internal.SessionFactoryObserverChain.sessionFactoryCreated(SessionFactoryObserverChain.java:35)
	at org.hibernate.internal.SessionFactoryImpl.<init>(SessionFactoryImpl.java:324)
	at org.hibernate.boot.internal.SessionFactoryBuilderImpl.build(SessionFactoryBuilderImpl.java:463)
	at org.hibernate.jpa.boot.internal.EntityManagerFactoryBuilderImpl.build(EntityManagerFactoryBuilderImpl.java:1517)
	at org.springframework.orm.jpa.vendor.SpringHibernateJpaPersistenceProvider.createContainerEntityManagerFactory(SpringHibernateJpaPersistenceProvider.java:66)
	at org.springframework.orm.jpa.LocalContainerEntityManagerFactoryBean.createNativeEntityManagerFactory(LocalContainerEntityManagerFactoryBean.java:388)
	at org.springframework.orm.jpa.AbstractEntityManagerFactoryBean.buildNativeEntityManagerFactory(AbstractEntityManagerFactoryBean.java:419)
	at org.springframework.orm.jpa.AbstractEntityManagerFactoryBean.afterPropertiesSet(AbstractEntityManagerFactoryBean.java:400)
	at org.springframework.orm.jpa.LocalContainerEntityManagerFactoryBean.afterPropertiesSet(LocalContainerEntityManagerFactoryBean.java:364)
	at org.springframework.beans.factory.support.AbstractAutowireCapableBeanFactory.invokeInitMethods(AbstractAutowireCapableBeanFactory.java:1873)
	at org.springframework.beans.factory.support.AbstractAutowireCapableBeanFactory.initializeBean(AbstractAutowireCapableBeanFactory.java:1822)
	at org.springframework.beans.factory.support.AbstractAutowireCapableBeanFactory.doCreateBean(AbstractAutowireCapableBeanFactory.java:607)
	at org.springframework.beans.factory.support.AbstractAutowireCapableBeanFactory.createBean(AbstractAutowireCapableBeanFactory.java:529)
	at org.springframework.beans.factory.support.AbstractBeanFactory.lambda$doGetBean$0(AbstractBeanFactory.java:339)
	at org.springframework.beans.factory.support.DefaultSingletonBeanRegistry.getSingleton(DefaultSingletonBeanRegistry.java:373)
	at org.springframework.beans.factory.support.AbstractBeanFactory.doGetBean(AbstractBeanFactory.java:337)
	at org.springframework.beans.factory.support.AbstractBeanFactory.getBean(AbstractBeanFactory.java:207)
	at org.springframework.context.support.AbstractApplicationContext.finishBeanFactoryInitialization(AbstractApplicationContext.java:974)
	at org.springframework.context.support.AbstractApplicationContext.refresh(AbstractApplicationContext.java:628)
	at org.springframework.boot.web.servlet.context.ServletWebServerApplicationContext.refresh(ServletWebServerApplicationContext.java:146)
	at org.springframework.boot.SpringApplication.refresh(SpringApplication.java:752)
	at org.springframework.boot.SpringApplication.refreshContext(SpringApplication.java:439)
	at org.springframework.boot.SpringApplication.run(SpringApplication.java:318)
	at org.springframework.boot.SpringApplication.run(SpringApplication.java:1361)
	at org.springframework.boot.SpringApplication.run(SpringApplication.java:1350)
	at br.ifmg.produto1_2026.Produto12026Application.main(Produto12026Application.java:17)
Caused by: org.h2.jdbc.JdbcSQLIntegrityConstraintViolationException: Referential integrity constraint violation: "FKSF16C80YBLN49MOP4YEX7V7PG: PUBLIC.TB_PRODUTO_CATEGORIA FOREIGN KEY(ID_PRODUTO) REFERENCES PUBLIC.TB_PRODUTO(ID) (CAST(5 AS BIGINT))"; SQL statement:
insert into tb_produto_categoria(id_produto, id_categoria) values (5, 4) [23506-232]
	at org.h2.message.DbException.getJdbcSQLException(DbException.java:520)
	at org.h2.message.DbException.getJdbcSQLException(DbException.java:489)
	at org.h2.message.DbException.get(DbException.java:223)
	at org.h2.message.DbException.get(DbException.java:199)
	at org.h2.constraint.ConstraintReferential.checkRowOwnTable(ConstraintReferential.java:308)
	at org.h2.constraint.ConstraintReferential.checkRow(ConstraintReferential.java:249)
	at org.h2.table.Table.fireConstraints(Table.java:1227)
	at org.h2.table.Table.fireAfterRow(Table.java:1245)
	at org.h2.command.dml.Insert.insertRows(Insert.java:188)
	at org.h2.command.dml.Insert.update(Insert.java:135)
	at org.h2.command.dml.DataChangeStatement.update(DataChangeStatement.java:74)
	at org.h2.command.CommandContainer.update(CommandContainer.java:139)
	at org.h2.command.Command.executeUpdate(Command.java:304)
	at org.h2.command.Command.executeUpdate(Command.java:248)
	at org.h2.jdbc.JdbcStatement.executeInternal(JdbcStatement.java:262)
	at org.h2.jdbc.JdbcStatement.execute(JdbcStatement.java:231)
	at com.zaxxer.hikari.pool.ProxyStatement.execute(ProxyStatement.java:95)
	at com.zaxxer.hikari.pool.HikariProxyStatement.execute(HikariProxyStatement.java)
	at org.hibernate.tool.schema.internal.exec.GenerationTargetToDatabase.accept(GenerationTargetToDatabase.java:80)
	... 38 common frames omitted
2026-05-26 10:22:28.163 [main] INFO  >>> o.s.o.j.LocalContainerEntityManagerFactoryBean - Initialized JPA EntityManagerFactory for persistence unit 'default'
2026-05-26 10:22:28.443 [main] INFO  >>> o.s.d.j.r.query.QueryEnhancerFactory - Hibernate is in classpath; If applicable, HQL parser will be used.
2026-05-26 10:22:28.792 [main] INFO  >>> o.s.s.c.a.a.c.InitializeUserDetailsBeanManagerConfigurer$InitializeUserDetailsManagerConfigurer - Global AuthenticationManager configured with UserDetailsService bean with name usuarioService
2026-05-26 10:22:29.901 [main] INFO  >>> o.s.b.a.h.H2ConsoleAutoConfiguration - H2 console available at '/h2-console'. Database available at 'jdbc:h2:mem:testbd'
2026-05-26 10:22:29.974 [main] INFO  >>> o.a.coyote.http11.Http11NioProtocol - Starting ProtocolHandler ["http-nio-8080"]
2026-05-26 10:22:29.988 [main] INFO  >>> o.s.b.w.e.tomcat.TomcatWebServer - Tomcat started on port 8080 (http) with context path '/'
2026-05-26 10:22:29.995 [main] INFO  >>> b.i.p.Produto12026Application - Started Produto12026Application in 5.195 seconds (process running for 5.708)
2026-05-26 10:22:30.063 [main] WARN  >>> o.s.c.events.SpringDocAppInitializer - SpringDoc /api-docs    endpoint is enabled by default. To disable it in production, set the property 'springdoc.api-docs.enabled=false'
2026-05-26 10:22:30.063 [main] WARN  >>> o.s.c.events.SpringDocAppInitializer - SpringDoc /swagger-ui.html endpoint is enabled by default. To disable it in production, set the property 'springdoc.swagger-ui.enabled=false'
2026-05-26 10:23:28.511 [SpringApplicationShutdownHook] INFO  >>> o.s.b.w.e.tomcat.GracefulShutdown - Commencing graceful shutdown. Waiting for active requests to complete
2026-05-26 10:23:28.518 [tomcat-shutdown] INFO  >>> o.s.b.w.e.tomcat.GracefulShutdown - Graceful shutdown complete
2026-05-26 10:23:28.523 [SpringApplicationShutdownHook] INFO  >>> o.s.o.j.LocalContainerEntityManagerFactoryBean - Closing JPA EntityManagerFactory for persistence unit 'default'
2026-05-26 10:23:28.528 [SpringApplicationShutdownHook] INFO  >>> com.zaxxer.hikari.HikariDataSource - HikariPool-1 - Shutdown initiated...
2026-05-26 10:23:28.529 [SpringApplicationShutdownHook] INFO  >>> com.zaxxer.hikari.HikariDataSource - HikariPool-1 - Shutdown completed.
2026-05-26 10:23:30.673 [background-preinit] INFO  >>> o.h.validator.internal.util.Version - HV000001: Hibernate Validator 8.0.3.Final
2026-05-26 10:23:30.720 [main] INFO  >>> b.i.p.Produto12026Application - Starting Produto12026Application using Java 25.0.2 with PID 9036 (C:\Users\kauan\Documents\Trabalhos IF\Atvs_BackEnd\produto1-2026\target\classes started by kauan in C:\Users\kauan\Documents\Trabalhos IF\Atvs_BackEnd\produto1-2026)
2026-05-26 10:23:30.721 [main] INFO  >>> b.i.p.Produto12026Application - The following 1 profile is active: "dev"
2026-05-26 10:23:31.399 [main] INFO  >>> o.s.d.r.c.RepositoryConfigurationDelegate - Bootstrapping Spring Data JPA repositories in DEFAULT mode.
2026-05-26 10:23:31.459 [main] INFO  >>> o.s.d.r.c.RepositoryConfigurationDelegate - Finished Spring Data repository scanning in 53 ms. Found 4 JPA repository interfaces.
2026-05-26 10:23:31.925 [main] INFO  >>> o.s.b.w.e.tomcat.TomcatWebServer - Tomcat initialized with port 8080 (http)
2026-05-26 10:23:31.934 [main] INFO  >>> o.a.coyote.http11.Http11NioProtocol - Initializing ProtocolHandler ["http-nio-8080"]
2026-05-26 10:23:31.936 [main] INFO  >>> o.a.catalina.core.StandardService - Starting service [Tomcat]
2026-05-26 10:23:31.936 [main] INFO  >>> o.a.catalina.core.StandardEngine - Starting Servlet engine: [Apache Tomcat/10.1.52]
2026-05-26 10:23:32.007 [main] INFO  >>> o.a.c.c.C.[Tomcat].[localhost].[/] - Initializing Spring embedded WebApplicationContext
2026-05-26 10:23:32.007 [main] INFO  >>> o.s.b.w.s.c.ServletWebServerApplicationContext - Root WebApplicationContext: initialization completed in 1252 ms
2026-05-26 10:23:32.163 [main] INFO  >>> com.zaxxer.hikari.HikariDataSource - HikariPool-1 - Starting...
2026-05-26 10:23:32.315 [main] INFO  >>> com.zaxxer.hikari.pool.HikariPool - HikariPool-1 - Added connection conn0: url=jdbc:h2:mem:testbd user=SA
2026-05-26 10:23:32.317 [main] INFO  >>> com.zaxxer.hikari.HikariDataSource - HikariPool-1 - Start completed.
2026-05-26 10:23:32.344 [main] INFO  >>> o.h.jpa.internal.util.LogHelper - HHH000204: Processing PersistenceUnitInfo [name: default]
2026-05-26 10:23:32.382 [main] INFO  >>> org.hibernate.Version - HHH000412: Hibernate ORM core version 6.6.42.Final
2026-05-26 10:23:32.410 [main] INFO  >>> o.h.c.i.RegionFactoryInitiator - HHH000026: Second-level cache disabled
2026-05-26 10:23:32.609 [main] INFO  >>> o.s.o.j.p.SpringPersistenceUnitInfo - No LoadTimeWeaver setup: ignoring JPA class transformer
2026-05-26 10:23:32.661 [main] INFO  >>> o.hibernate.orm.connections.pooling - HHH10001005: Database info:
	Database JDBC URL [Connecting through datasource 'HikariDataSource (HikariPool-1)']
	Database driver: undefined/unknown
	Database version: 2.3.232
	Autocommit mode: undefined/unknown
	Isolation level: undefined/unknown
	Minimum pool size: undefined/unknown
	Maximum pool size: undefined/unknown
2026-05-26 10:23:33.374 [main] INFO  >>> o.h.e.t.j.p.i.JtaPlatformInitiator - HHH000489: No JTA platform available (set 'hibernate.transaction.jta.platform' to enable JTA platform integration)
2026-05-26 10:23:33.427 [main] WARN  >>> o.h.t.s.i.ExceptionHandlerLoggedImpl - GenerationTarget encountered exception accepting command : Error executing DDL "insert into tb_produto_categoria(id_produto, id_categoria) values (5, 4)" via JDBC [Referential integrity constraint violation: "FKSF16C80YBLN49MOP4YEX7V7PG: PUBLIC.TB_PRODUTO_CATEGORIA FOREIGN KEY(ID_PRODUTO) REFERENCES PUBLIC.TB_PRODUTO(ID) (CAST(5 AS BIGINT))";]
org.hibernate.tool.schema.spi.CommandAcceptanceException: Error executing DDL "insert into tb_produto_categoria(id_produto, id_categoria) values (5, 4)" via JDBC [Referential integrity constraint violation: "FKSF16C80YBLN49MOP4YEX7V7PG: PUBLIC.TB_PRODUTO_CATEGORIA FOREIGN KEY(ID_PRODUTO) REFERENCES PUBLIC.TB_PRODUTO(ID) (CAST(5 AS BIGINT))";]
	at org.hibernate.tool.schema.internal.exec.GenerationTargetToDatabase.accept(GenerationTargetToDatabase.java:94)
	at org.hibernate.tool.schema.internal.Helper.applySqlString(Helper.java:233)
	at org.hibernate.tool.schema.internal.Helper.applyScript(Helper.java:255)
	at org.hibernate.tool.schema.internal.SchemaCreatorImpl.applyImportFiles(SchemaCreatorImpl.java:694)
	at org.hibernate.tool.schema.internal.SchemaCreatorImpl.applyImportSources(SchemaCreatorImpl.java:597)
	at org.hibernate.tool.schema.internal.SchemaCreatorImpl.performCreation(SchemaCreatorImpl.java:186)
	at org.hibernate.tool.schema.internal.SchemaCreatorImpl.doCreation(SchemaCreatorImpl.java:144)
	at org.hibernate.tool.schema.internal.SchemaCreatorImpl.doCreation(SchemaCreatorImpl.java:120)
	at org.hibernate.tool.schema.spi.SchemaManagementToolCoordinator.performDatabaseAction(SchemaManagementToolCoordinator.java:250)
	at org.hibernate.tool.schema.spi.SchemaManagementToolCoordinator.lambda$process$5(SchemaManagementToolCoordinator.java:144)
	at java.base/java.util.HashMap.forEach(HashMap.java:1430)
	at org.hibernate.tool.schema.spi.SchemaManagementToolCoordinator.process(SchemaManagementToolCoordinator.java:141)
	at org.hibernate.boot.internal.SessionFactoryObserverForSchemaExport.sessionFactoryCreated(SessionFactoryObserverForSchemaExport.java:37)
	at org.hibernate.internal.SessionFactoryObserverChain.sessionFactoryCreated(SessionFactoryObserverChain.java:35)
	at org.hibernate.internal.SessionFactoryImpl.<init>(SessionFactoryImpl.java:324)
	at org.hibernate.boot.internal.SessionFactoryBuilderImpl.build(SessionFactoryBuilderImpl.java:463)
	at org.hibernate.jpa.boot.internal.EntityManagerFactoryBuilderImpl.build(EntityManagerFactoryBuilderImpl.java:1517)
	at org.springframework.orm.jpa.vendor.SpringHibernateJpaPersistenceProvider.createContainerEntityManagerFactory(SpringHibernateJpaPersistenceProvider.java:66)
	at org.springframework.orm.jpa.LocalContainerEntityManagerFactoryBean.createNativeEntityManagerFactory(LocalContainerEntityManagerFactoryBean.java:388)
	at org.springframework.orm.jpa.AbstractEntityManagerFactoryBean.buildNativeEntityManagerFactory(AbstractEntityManagerFactoryBean.java:419)
	at org.springframework.orm.jpa.AbstractEntityManagerFactoryBean.afterPropertiesSet(AbstractEntityManagerFactoryBean.java:400)
	at org.springframework.orm.jpa.LocalContainerEntityManagerFactoryBean.afterPropertiesSet(LocalContainerEntityManagerFactoryBean.java:364)
	at org.springframework.beans.factory.support.AbstractAutowireCapableBeanFactory.invokeInitMethods(AbstractAutowireCapableBeanFactory.java:1873)
	at org.springframework.beans.factory.support.AbstractAutowireCapableBeanFactory.initializeBean(AbstractAutowireCapableBeanFactory.java:1822)
	at org.springframework.beans.factory.support.AbstractAutowireCapableBeanFactory.doCreateBean(AbstractAutowireCapableBeanFactory.java:607)
	at org.springframework.beans.factory.support.AbstractAutowireCapableBeanFactory.createBean(AbstractAutowireCapableBeanFactory.java:529)
	at org.springframework.beans.factory.support.AbstractBeanFactory.lambda$doGetBean$0(AbstractBeanFactory.java:339)
	at org.springframework.beans.factory.support.DefaultSingletonBeanRegistry.getSingleton(DefaultSingletonBeanRegistry.java:373)
	at org.springframework.beans.factory.support.AbstractBeanFactory.doGetBean(AbstractBeanFactory.java:337)
	at org.springframework.beans.factory.support.AbstractBeanFactory.getBean(AbstractBeanFactory.java:207)
	at org.springframework.context.support.AbstractApplicationContext.finishBeanFactoryInitialization(AbstractApplicationContext.java:974)
	at org.springframework.context.support.AbstractApplicationContext.refresh(AbstractApplicationContext.java:628)
	at org.springframework.boot.web.servlet.context.ServletWebServerApplicationContext.refresh(ServletWebServerApplicationContext.java:146)
	at org.springframework.boot.SpringApplication.refresh(SpringApplication.java:752)
	at org.springframework.boot.SpringApplication.refreshContext(SpringApplication.java:439)
	at org.springframework.boot.SpringApplication.run(SpringApplication.java:318)
	at org.springframework.boot.SpringApplication.run(SpringApplication.java:1361)
	at org.springframework.boot.SpringApplication.run(SpringApplication.java:1350)
	at br.ifmg.produto1_2026.Produto12026Application.main(Produto12026Application.java:17)
Caused by: org.h2.jdbc.JdbcSQLIntegrityConstraintViolationException: Referential integrity constraint violation: "FKSF16C80YBLN49MOP4YEX7V7PG: PUBLIC.TB_PRODUTO_CATEGORIA FOREIGN KEY(ID_PRODUTO) REFERENCES PUBLIC.TB_PRODUTO(ID) (CAST(5 AS BIGINT))"; SQL statement:
insert into tb_produto_categoria(id_produto, id_categoria) values (5, 4) [23506-232]
	at org.h2.message.DbException.getJdbcSQLException(DbException.java:520)
	at org.h2.message.DbException.getJdbcSQLException(DbException.java:489)
	at org.h2.message.DbException.get(DbException.java:223)
	at org.h2.message.DbException.get(DbException.java:199)
	at org.h2.constraint.ConstraintReferential.checkRowOwnTable(ConstraintReferential.java:308)
	at org.h2.constraint.ConstraintReferential.checkRow(ConstraintReferential.java:249)
	at org.h2.table.Table.fireConstraints(Table.java:1227)
	at org.h2.table.Table.fireAfterRow(Table.java:1245)
	at org.h2.command.dml.Insert.insertRows(Insert.java:188)
	at org.h2.command.dml.Insert.update(Insert.java:135)
	at org.h2.command.dml.DataChangeStatement.update(DataChangeStatement.java:74)
	at org.h2.command.CommandContainer.update(CommandContainer.java:139)
	at org.h2.command.Command.executeUpdate(Command.java:304)
	at org.h2.command.Command.executeUpdate(Command.java:248)
	at org.h2.jdbc.JdbcStatement.executeInternal(JdbcStatement.java:262)
	at org.h2.jdbc.JdbcStatement.execute(JdbcStatement.java:231)
	at com.zaxxer.hikari.pool.ProxyStatement.execute(ProxyStatement.java:95)
	at com.zaxxer.hikari.pool.HikariProxyStatement.execute(HikariProxyStatement.java)
	at org.hibernate.tool.schema.internal.exec.GenerationTargetToDatabase.accept(GenerationTargetToDatabase.java:80)
	... 38 common frames omitted
2026-05-26 10:23:33.434 [main] INFO  >>> o.s.o.j.LocalContainerEntityManagerFactoryBean - Initialized JPA EntityManagerFactory for persistence unit 'default'
2026-05-26 10:23:33.623 [main] INFO  >>> o.s.d.j.r.query.QueryEnhancerFactory - Hibernate is in classpath; If applicable, HQL parser will be used.
2026-05-26 10:23:34.029 [main] INFO  >>> o.s.s.c.a.a.c.InitializeUserDetailsBeanManagerConfigurer$InitializeUserDetailsManagerConfigurer - Global AuthenticationManager configured with UserDetailsService bean with name usuarioService
2026-05-26 10:23:35.021 [main] INFO  >>> o.s.b.a.h.H2ConsoleAutoConfiguration - H2 console available at '/h2-console'. Database available at 'jdbc:h2:mem:testbd'
2026-05-26 10:23:35.095 [main] INFO  >>> o.a.coyote.http11.Http11NioProtocol - Starting ProtocolHandler ["http-nio-8080"]
2026-05-26 10:23:35.108 [main] INFO  >>> o.s.b.w.e.tomcat.TomcatWebServer - Tomcat started on port 8080 (http) with context path '/'
2026-05-26 10:23:35.115 [main] INFO  >>> b.i.p.Produto12026Application - Started Produto12026Application in 4.965 seconds (process running for 5.6)
2026-05-26 10:23:35.183 [main] WARN  >>> o.s.c.events.SpringDocAppInitializer - SpringDoc /api-docs    endpoint is enabled by default. To disable it in production, set the property 'springdoc.api-docs.enabled=false'
2026-05-26 10:23:35.184 [main] WARN  >>> o.s.c.events.SpringDocAppInitializer - SpringDoc /swagger-ui.html endpoint is enabled by default. To disable it in production, set the property 'springdoc.swagger-ui.enabled=false'
2026-05-26 10:24:51.719 [SpringApplicationShutdownHook] INFO  >>> o.s.b.w.e.tomcat.GracefulShutdown - Commencing graceful shutdown. Waiting for active requests to complete
2026-05-26 10:24:51.726 [tomcat-shutdown] INFO  >>> o.s.b.w.e.tomcat.GracefulShutdown - Graceful shutdown complete
2026-05-26 10:24:51.731 [SpringApplicationShutdownHook] INFO  >>> o.s.o.j.LocalContainerEntityManagerFactoryBean - Closing JPA EntityManagerFactory for persistence unit 'default'
2026-05-26 10:24:51.737 [SpringApplicationShutdownHook] INFO  >>> com.zaxxer.hikari.HikariDataSource - HikariPool-1 - Shutdown initiated...
2026-05-26 10:24:51.739 [SpringApplicationShutdownHook] INFO  >>> com.zaxxer.hikari.HikariDataSource - HikariPool-1 - Shutdown completed.
2026-05-26 10:24:55.150 [background-preinit] INFO  >>> o.h.validator.internal.util.Version - HV000001: Hibernate Validator 8.0.3.Final
2026-05-26 10:24:55.185 [main] INFO  >>> b.i.p.Produto12026Application - Starting Produto12026Application using Java 25.0.2 with PID 2012 (C:\Users\kauan\Documents\Trabalhos IF\Atvs_BackEnd\produto1-2026\target\classes started by kauan in C:\Users\kauan\Documents\Trabalhos IF\Atvs_BackEnd\produto1-2026)
2026-05-26 10:24:55.185 [main] INFO  >>> b.i.p.Produto12026Application - The following 1 profile is active: "dev"
2026-05-26 10:24:55.829 [main] INFO  >>> o.s.d.r.c.RepositoryConfigurationDelegate - Bootstrapping Spring Data JPA repositories in DEFAULT mode.
2026-05-26 10:24:55.887 [main] INFO  >>> o.s.d.r.c.RepositoryConfigurationDelegate - Finished Spring Data repository scanning in 50 ms. Found 4 JPA repository interfaces.
2026-05-26 10:24:56.351 [main] INFO  >>> o.s.b.w.e.tomcat.TomcatWebServer - Tomcat initialized with port 8080 (http)
2026-05-26 10:24:56.361 [main] INFO  >>> o.a.coyote.http11.Http11NioProtocol - Initializing ProtocolHandler ["http-nio-8080"]
2026-05-26 10:24:56.362 [main] INFO  >>> o.a.catalina.core.StandardService - Starting service [Tomcat]
2026-05-26 10:24:56.362 [main] INFO  >>> o.a.catalina.core.StandardEngine - Starting Servlet engine: [Apache Tomcat/10.1.52]
2026-05-26 10:24:56.424 [main] INFO  >>> o.a.c.c.C.[Tomcat].[localhost].[/] - Initializing Spring embedded WebApplicationContext
2026-05-26 10:24:56.424 [main] INFO  >>> o.s.b.w.s.c.ServletWebServerApplicationContext - Root WebApplicationContext: initialization completed in 1206 ms
2026-05-26 10:24:56.580 [main] INFO  >>> com.zaxxer.hikari.HikariDataSource - HikariPool-1 - Starting...
2026-05-26 10:24:56.734 [main] INFO  >>> com.zaxxer.hikari.pool.HikariPool - HikariPool-1 - Added connection conn0: url=jdbc:h2:mem:testbd user=SA
2026-05-26 10:24:56.735 [main] INFO  >>> com.zaxxer.hikari.HikariDataSource - HikariPool-1 - Start completed.
2026-05-26 10:24:56.761 [main] INFO  >>> o.h.jpa.internal.util.LogHelper - HHH000204: Processing PersistenceUnitInfo [name: default]
2026-05-26 10:24:56.798 [main] INFO  >>> org.hibernate.Version - HHH000412: Hibernate ORM core version 6.6.42.Final
2026-05-26 10:24:56.825 [main] INFO  >>> o.h.c.i.RegionFactoryInitiator - HHH000026: Second-level cache disabled
2026-05-26 10:24:57.036 [main] INFO  >>> o.s.o.j.p.SpringPersistenceUnitInfo - No LoadTimeWeaver setup: ignoring JPA class transformer
2026-05-26 10:24:57.094 [main] INFO  >>> o.hibernate.orm.connections.pooling - HHH10001005: Database info:
	Database JDBC URL [Connecting through datasource 'HikariDataSource (HikariPool-1)']
	Database driver: undefined/unknown
	Database version: 2.3.232
	Autocommit mode: undefined/unknown
	Isolation level: undefined/unknown
	Minimum pool size: undefined/unknown
	Maximum pool size: undefined/unknown
2026-05-26 10:24:57.818 [main] INFO  >>> o.h.e.t.j.p.i.JtaPlatformInitiator - HHH000489: No JTA platform available (set 'hibernate.transaction.jta.platform' to enable JTA platform integration)
2026-05-26 10:24:57.873 [main] WARN  >>> o.h.t.s.i.ExceptionHandlerLoggedImpl - GenerationTarget encountered exception accepting command : Error executing DDL "insert into tb_produto_categoria(id_produto, id_categoria) values (5, 4)" via JDBC [Referential integrity constraint violation: "FKSF16C80YBLN49MOP4YEX7V7PG: PUBLIC.TB_PRODUTO_CATEGORIA FOREIGN KEY(ID_PRODUTO) REFERENCES PUBLIC.TB_PRODUTO(ID) (CAST(5 AS BIGINT))";]
org.hibernate.tool.schema.spi.CommandAcceptanceException: Error executing DDL "insert into tb_produto_categoria(id_produto, id_categoria) values (5, 4)" via JDBC [Referential integrity constraint violation: "FKSF16C80YBLN49MOP4YEX7V7PG: PUBLIC.TB_PRODUTO_CATEGORIA FOREIGN KEY(ID_PRODUTO) REFERENCES PUBLIC.TB_PRODUTO(ID) (CAST(5 AS BIGINT))";]
	at org.hibernate.tool.schema.internal.exec.GenerationTargetToDatabase.accept(GenerationTargetToDatabase.java:94)
	at org.hibernate.tool.schema.internal.Helper.applySqlString(Helper.java:233)
	at org.hibernate.tool.schema.internal.Helper.applyScript(Helper.java:255)
	at org.hibernate.tool.schema.internal.SchemaCreatorImpl.applyImportFiles(SchemaCreatorImpl.java:694)
	at org.hibernate.tool.schema.internal.SchemaCreatorImpl.applyImportSources(SchemaCreatorImpl.java:597)
	at org.hibernate.tool.schema.internal.SchemaCreatorImpl.performCreation(SchemaCreatorImpl.java:186)
	at org.hibernate.tool.schema.internal.SchemaCreatorImpl.doCreation(SchemaCreatorImpl.java:144)
	at org.hibernate.tool.schema.internal.SchemaCreatorImpl.doCreation(SchemaCreatorImpl.java:120)
	at org.hibernate.tool.schema.spi.SchemaManagementToolCoordinator.performDatabaseAction(SchemaManagementToolCoordinator.java:250)
	at org.hibernate.tool.schema.spi.SchemaManagementToolCoordinator.lambda$process$5(SchemaManagementToolCoordinator.java:144)
	at java.base/java.util.HashMap.forEach(HashMap.java:1430)
	at org.hibernate.tool.schema.spi.SchemaManagementToolCoordinator.process(SchemaManagementToolCoordinator.java:141)
	at org.hibernate.boot.internal.SessionFactoryObserverForSchemaExport.sessionFactoryCreated(SessionFactoryObserverForSchemaExport.java:37)
	at org.hibernate.internal.SessionFactoryObserverChain.sessionFactoryCreated(SessionFactoryObserverChain.java:35)
	at org.hibernate.internal.SessionFactoryImpl.<init>(SessionFactoryImpl.java:324)
	at org.hibernate.boot.internal.SessionFactoryBuilderImpl.build(SessionFactoryBuilderImpl.java:463)
	at org.hibernate.jpa.boot.internal.EntityManagerFactoryBuilderImpl.build(EntityManagerFactoryBuilderImpl.java:1517)
	at org.springframework.orm.jpa.vendor.SpringHibernateJpaPersistenceProvider.createContainerEntityManagerFactory(SpringHibernateJpaPersistenceProvider.java:66)
	at org.springframework.orm.jpa.LocalContainerEntityManagerFactoryBean.createNativeEntityManagerFactory(LocalContainerEntityManagerFactoryBean.java:388)
	at org.springframework.orm.jpa.AbstractEntityManagerFactoryBean.buildNativeEntityManagerFactory(AbstractEntityManagerFactoryBean.java:419)
	at org.springframework.orm.jpa.AbstractEntityManagerFactoryBean.afterPropertiesSet(AbstractEntityManagerFactoryBean.java:400)
	at org.springframework.orm.jpa.LocalContainerEntityManagerFactoryBean.afterPropertiesSet(LocalContainerEntityManagerFactoryBean.java:364)
	at org.springframework.beans.factory.support.AbstractAutowireCapableBeanFactory.invokeInitMethods(AbstractAutowireCapableBeanFactory.java:1873)
	at org.springframework.beans.factory.support.AbstractAutowireCapableBeanFactory.initializeBean(AbstractAutowireCapableBeanFactory.java:1822)
	at org.springframework.beans.factory.support.AbstractAutowireCapableBeanFactory.doCreateBean(AbstractAutowireCapableBeanFactory.java:607)
	at org.springframework.beans.factory.support.AbstractAutowireCapableBeanFactory.createBean(AbstractAutowireCapableBeanFactory.java:529)
	at org.springframework.beans.factory.support.AbstractBeanFactory.lambda$doGetBean$0(AbstractBeanFactory.java:339)
	at org.springframework.beans.factory.support.DefaultSingletonBeanRegistry.getSingleton(DefaultSingletonBeanRegistry.java:373)
	at org.springframework.beans.factory.support.AbstractBeanFactory.doGetBean(AbstractBeanFactory.java:337)
	at org.springframework.beans.factory.support.AbstractBeanFactory.getBean(AbstractBeanFactory.java:207)
	at org.springframework.context.support.AbstractApplicationContext.finishBeanFactoryInitialization(AbstractApplicationContext.java:974)
	at org.springframework.context.support.AbstractApplicationContext.refresh(AbstractApplicationContext.java:628)
	at org.springframework.boot.web.servlet.context.ServletWebServerApplicationContext.refresh(ServletWebServerApplicationContext.java:146)
	at org.springframework.boot.SpringApplication.refresh(SpringApplication.java:752)
	at org.springframework.boot.SpringApplication.refreshContext(SpringApplication.java:439)
	at org.springframework.boot.SpringApplication.run(SpringApplication.java:318)
	at org.springframework.boot.SpringApplication.run(SpringApplication.java:1361)
	at org.springframework.boot.SpringApplication.run(SpringApplication.java:1350)
	at br.ifmg.produto1_2026.Produto12026Application.main(Produto12026Application.java:17)
Caused by: org.h2.jdbc.JdbcSQLIntegrityConstraintViolationException: Referential integrity constraint violation: "FKSF16C80YBLN49MOP4YEX7V7PG: PUBLIC.TB_PRODUTO_CATEGORIA FOREIGN KEY(ID_PRODUTO) REFERENCES PUBLIC.TB_PRODUTO(ID) (CAST(5 AS BIGINT))"; SQL statement:
insert into tb_produto_categoria(id_produto, id_categoria) values (5, 4) [23506-232]
	at org.h2.message.DbException.getJdbcSQLException(DbException.java:520)
	at org.h2.message.DbException.getJdbcSQLException(DbException.java:489)
	at org.h2.message.DbException.get(DbException.java:223)
	at org.h2.message.DbException.get(DbException.java:199)
	at org.h2.constraint.ConstraintReferential.checkRowOwnTable(ConstraintReferential.java:308)
	at org.h2.constraint.ConstraintReferential.checkRow(ConstraintReferential.java:249)
	at org.h2.table.Table.fireConstraints(Table.java:1227)
	at org.h2.table.Table.fireAfterRow(Table.java:1245)
	at org.h2.command.dml.Insert.insertRows(Insert.java:188)
	at org.h2.command.dml.Insert.update(Insert.java:135)
	at org.h2.command.dml.DataChangeStatement.update(DataChangeStatement.java:74)
	at org.h2.command.CommandContainer.update(CommandContainer.java:139)
	at org.h2.command.Command.executeUpdate(Command.java:304)
	at org.h2.command.Command.executeUpdate(Command.java:248)
	at org.h2.jdbc.JdbcStatement.executeInternal(JdbcStatement.java:262)
	at org.h2.jdbc.JdbcStatement.execute(JdbcStatement.java:231)
	at com.zaxxer.hikari.pool.ProxyStatement.execute(ProxyStatement.java:95)
	at com.zaxxer.hikari.pool.HikariProxyStatement.execute(HikariProxyStatement.java)
	at org.hibernate.tool.schema.internal.exec.GenerationTargetToDatabase.accept(GenerationTargetToDatabase.java:80)
	... 38 common frames omitted
2026-05-26 10:24:57.879 [main] INFO  >>> o.s.o.j.LocalContainerEntityManagerFactoryBean - Initialized JPA EntityManagerFactory for persistence unit 'default'
2026-05-26 10:24:58.072 [main] INFO  >>> o.s.d.j.r.query.QueryEnhancerFactory - Hibernate is in classpath; If applicable, HQL parser will be used.
2026-05-26 10:24:58.416 [main] INFO  >>> o.s.s.c.a.a.c.InitializeUserDetailsBeanManagerConfigurer$InitializeUserDetailsManagerConfigurer - Global AuthenticationManager configured with UserDetailsService bean with name usuarioService
2026-05-26 10:24:59.818 [main] INFO  >>> o.s.b.a.h.H2ConsoleAutoConfiguration - H2 console available at '/h2-console'. Database available at 'jdbc:h2:mem:testbd'
2026-05-26 10:24:59.890 [main] INFO  >>> o.a.coyote.http11.Http11NioProtocol - Starting ProtocolHandler ["http-nio-8080"]
2026-05-26 10:24:59.903 [main] INFO  >>> o.s.b.w.e.tomcat.TomcatWebServer - Tomcat started on port 8080 (http) with context path '/'
2026-05-26 10:24:59.909 [main] INFO  >>> b.i.p.Produto12026Application - Started Produto12026Application in 5.172 seconds (process running for 5.689)
2026-05-26 10:24:59.976 [main] WARN  >>> o.s.c.events.SpringDocAppInitializer - SpringDoc /api-docs    endpoint is enabled by default. To disable it in production, set the property 'springdoc.api-docs.enabled=false'
2026-05-26 10:24:59.977 [main] WARN  >>> o.s.c.events.SpringDocAppInitializer - SpringDoc /swagger-ui.html endpoint is enabled by default. To disable it in production, set the property 'springdoc.swagger-ui.enabled=false'
2026-05-26 10:26:04.296 [SpringApplicationShutdownHook] INFO  >>> o.s.b.w.e.tomcat.GracefulShutdown - Commencing graceful shutdown. Waiting for active requests to complete
2026-05-26 10:26:04.302 [tomcat-shutdown] INFO  >>> o.s.b.w.e.tomcat.GracefulShutdown - Graceful shutdown complete
2026-05-26 10:26:04.308 [SpringApplicationShutdownHook] INFO  >>> o.s.o.j.LocalContainerEntityManagerFactoryBean - Closing JPA EntityManagerFactory for persistence unit 'default'
2026-05-26 10:26:04.314 [SpringApplicationShutdownHook] INFO  >>> com.zaxxer.hikari.HikariDataSource - HikariPool-1 - Shutdown initiated...
2026-05-26 10:26:04.315 [SpringApplicationShutdownHook] INFO  >>> com.zaxxer.hikari.HikariDataSource - HikariPool-1 - Shutdown completed.
2026-05-26 10:27:26.174 [background-preinit] INFO  >>> o.h.validator.internal.util.Version - HV000001: Hibernate Validator 8.0.3.Final
2026-05-26 10:27:26.210 [main] INFO  >>> b.i.p.Produto12026Application - Starting Produto12026Application using Java 25.0.2 with PID 18712 (C:\Users\kauan\Documents\Trabalhos IF\Atvs_BackEnd\produto1-2026\target\classes started by kauan in C:\Users\kauan\Documents\Trabalhos IF\Atvs_BackEnd\produto1-2026)
2026-05-26 10:27:26.211 [main] INFO  >>> b.i.p.Produto12026Application - The following 1 profile is active: "dev"
2026-05-26 10:27:26.854 [main] INFO  >>> o.s.d.r.c.RepositoryConfigurationDelegate - Bootstrapping Spring Data JPA repositories in DEFAULT mode.
2026-05-26 10:27:26.910 [main] INFO  >>> o.s.d.r.c.RepositoryConfigurationDelegate - Finished Spring Data repository scanning in 48 ms. Found 4 JPA repository interfaces.
2026-05-26 10:27:27.341 [main] INFO  >>> o.s.b.w.e.tomcat.TomcatWebServer - Tomcat initialized with port 8080 (http)
2026-05-26 10:27:27.350 [main] INFO  >>> o.a.coyote.http11.Http11NioProtocol - Initializing ProtocolHandler ["http-nio-8080"]
2026-05-26 10:27:27.351 [main] INFO  >>> o.a.catalina.core.StandardService - Starting service [Tomcat]
2026-05-26 10:27:27.351 [main] INFO  >>> o.a.catalina.core.StandardEngine - Starting Servlet engine: [Apache Tomcat/10.1.52]
2026-05-26 10:27:27.420 [main] INFO  >>> o.a.c.c.C.[Tomcat].[localhost].[/] - Initializing Spring embedded WebApplicationContext
2026-05-26 10:27:27.421 [main] INFO  >>> o.s.b.w.s.c.ServletWebServerApplicationContext - Root WebApplicationContext: initialization completed in 1175 ms
2026-05-26 10:27:27.554 [main] INFO  >>> com.zaxxer.hikari.HikariDataSource - HikariPool-1 - Starting...
2026-05-26 10:27:27.700 [main] INFO  >>> com.zaxxer.hikari.pool.HikariPool - HikariPool-1 - Added connection conn0: url=jdbc:h2:mem:testbd user=SA
2026-05-26 10:27:27.701 [main] INFO  >>> com.zaxxer.hikari.HikariDataSource - HikariPool-1 - Start completed.
2026-05-26 10:27:27.727 [main] INFO  >>> o.h.jpa.internal.util.LogHelper - HHH000204: Processing PersistenceUnitInfo [name: default]
2026-05-26 10:27:27.769 [main] INFO  >>> org.hibernate.Version - HHH000412: Hibernate ORM core version 6.6.42.Final
2026-05-26 10:27:27.797 [main] INFO  >>> o.h.c.i.RegionFactoryInitiator - HHH000026: Second-level cache disabled
2026-05-26 10:27:28.005 [main] INFO  >>> o.s.o.j.p.SpringPersistenceUnitInfo - No LoadTimeWeaver setup: ignoring JPA class transformer
2026-05-26 10:27:28.058 [main] INFO  >>> o.hibernate.orm.connections.pooling - HHH10001005: Database info:
	Database JDBC URL [Connecting through datasource 'HikariDataSource (HikariPool-1)']
	Database driver: undefined/unknown
	Database version: 2.3.232
	Autocommit mode: undefined/unknown
	Isolation level: undefined/unknown
	Minimum pool size: undefined/unknown
	Maximum pool size: undefined/unknown
2026-05-26 10:27:28.768 [main] INFO  >>> o.h.e.t.j.p.i.JtaPlatformInitiator - HHH000489: No JTA platform available (set 'hibernate.transaction.jta.platform' to enable JTA platform integration)
2026-05-26 10:27:28.824 [main] WARN  >>> o.h.t.s.i.ExceptionHandlerLoggedImpl - GenerationTarget encountered exception accepting command : Error executing DDL "insert into tb_produto_categoria(id_produto, id_categoria) values (5, 4)" via JDBC [Referential integrity constraint violation: "FKSF16C80YBLN49MOP4YEX7V7PG: PUBLIC.TB_PRODUTO_CATEGORIA FOREIGN KEY(ID_PRODUTO) REFERENCES PUBLIC.TB_PRODUTO(ID) (CAST(5 AS BIGINT))";]
org.hibernate.tool.schema.spi.CommandAcceptanceException: Error executing DDL "insert into tb_produto_categoria(id_produto, id_categoria) values (5, 4)" via JDBC [Referential integrity constraint violation: "FKSF16C80YBLN49MOP4YEX7V7PG: PUBLIC.TB_PRODUTO_CATEGORIA FOREIGN KEY(ID_PRODUTO) REFERENCES PUBLIC.TB_PRODUTO(ID) (CAST(5 AS BIGINT))";]
	at org.hibernate.tool.schema.internal.exec.GenerationTargetToDatabase.accept(GenerationTargetToDatabase.java:94)
	at org.hibernate.tool.schema.internal.Helper.applySqlString(Helper.java:233)
	at org.hibernate.tool.schema.internal.Helper.applyScript(Helper.java:255)
	at org.hibernate.tool.schema.internal.SchemaCreatorImpl.applyImportFiles(SchemaCreatorImpl.java:694)
	at org.hibernate.tool.schema.internal.SchemaCreatorImpl.applyImportSources(SchemaCreatorImpl.java:597)
	at org.hibernate.tool.schema.internal.SchemaCreatorImpl.performCreation(SchemaCreatorImpl.java:186)
	at org.hibernate.tool.schema.internal.SchemaCreatorImpl.doCreation(SchemaCreatorImpl.java:144)
	at org.hibernate.tool.schema.internal.SchemaCreatorImpl.doCreation(SchemaCreatorImpl.java:120)
	at org.hibernate.tool.schema.spi.SchemaManagementToolCoordinator.performDatabaseAction(SchemaManagementToolCoordinator.java:250)
	at org.hibernate.tool.schema.spi.SchemaManagementToolCoordinator.lambda$process$5(SchemaManagementToolCoordinator.java:144)
	at java.base/java.util.HashMap.forEach(HashMap.java:1430)
	at org.hibernate.tool.schema.spi.SchemaManagementToolCoordinator.process(SchemaManagementToolCoordinator.java:141)
	at org.hibernate.boot.internal.SessionFactoryObserverForSchemaExport.sessionFactoryCreated(SessionFactoryObserverForSchemaExport.java:37)
	at org.hibernate.internal.SessionFactoryObserverChain.sessionFactoryCreated(SessionFactoryObserverChain.java:35)
	at org.hibernate.internal.SessionFactoryImpl.<init>(SessionFactoryImpl.java:324)
	at org.hibernate.boot.internal.SessionFactoryBuilderImpl.build(SessionFactoryBuilderImpl.java:463)
	at org.hibernate.jpa.boot.internal.EntityManagerFactoryBuilderImpl.build(EntityManagerFactoryBuilderImpl.java:1517)
	at org.springframework.orm.jpa.vendor.SpringHibernateJpaPersistenceProvider.createContainerEntityManagerFactory(SpringHibernateJpaPersistenceProvider.java:66)
	at org.springframework.orm.jpa.LocalContainerEntityManagerFactoryBean.createNativeEntityManagerFactory(LocalContainerEntityManagerFactoryBean.java:388)
	at org.springframework.orm.jpa.AbstractEntityManagerFactoryBean.buildNativeEntityManagerFactory(AbstractEntityManagerFactoryBean.java:419)
	at org.springframework.orm.jpa.AbstractEntityManagerFactoryBean.afterPropertiesSet(AbstractEntityManagerFactoryBean.java:400)
	at org.springframework.orm.jpa.LocalContainerEntityManagerFactoryBean.afterPropertiesSet(LocalContainerEntityManagerFactoryBean.java:364)
	at org.springframework.beans.factory.support.AbstractAutowireCapableBeanFactory.invokeInitMethods(AbstractAutowireCapableBeanFactory.java:1873)
	at org.springframework.beans.factory.support.AbstractAutowireCapableBeanFactory.initializeBean(AbstractAutowireCapableBeanFactory.java:1822)
	at org.springframework.beans.factory.support.AbstractAutowireCapableBeanFactory.doCreateBean(AbstractAutowireCapableBeanFactory.java:607)
	at org.springframework.beans.factory.support.AbstractAutowireCapableBeanFactory.createBean(AbstractAutowireCapableBeanFactory.java:529)
	at org.springframework.beans.factory.support.AbstractBeanFactory.lambda$doGetBean$0(AbstractBeanFactory.java:339)
	at org.springframework.beans.factory.support.DefaultSingletonBeanRegistry.getSingleton(DefaultSingletonBeanRegistry.java:373)
	at org.springframework.beans.factory.support.AbstractBeanFactory.doGetBean(AbstractBeanFactory.java:337)
	at org.springframework.beans.factory.support.AbstractBeanFactory.getBean(AbstractBeanFactory.java:207)
	at org.springframework.context.support.AbstractApplicationContext.finishBeanFactoryInitialization(AbstractApplicationContext.java:974)
	at org.springframework.context.support.AbstractApplicationContext.refresh(AbstractApplicationContext.java:628)
	at org.springframework.boot.web.servlet.context.ServletWebServerApplicationContext.refresh(ServletWebServerApplicationContext.java:146)
	at org.springframework.boot.SpringApplication.refresh(SpringApplication.java:752)
	at org.springframework.boot.SpringApplication.refreshContext(SpringApplication.java:439)
	at org.springframework.boot.SpringApplication.run(SpringApplication.java:318)
	at org.springframework.boot.SpringApplication.run(SpringApplication.java:1361)
	at org.springframework.boot.SpringApplication.run(SpringApplication.java:1350)
	at br.ifmg.produto1_2026.Produto12026Application.main(Produto12026Application.java:17)
Caused by: org.h2.jdbc.JdbcSQLIntegrityConstraintViolationException: Referential integrity constraint violation: "FKSF16C80YBLN49MOP4YEX7V7PG: PUBLIC.TB_PRODUTO_CATEGORIA FOREIGN KEY(ID_PRODUTO) REFERENCES PUBLIC.TB_PRODUTO(ID) (CAST(5 AS BIGINT))"; SQL statement:
insert into tb_produto_categoria(id_produto, id_categoria) values (5, 4) [23506-232]
	at org.h2.message.DbException.getJdbcSQLException(DbException.java:520)
	at org.h2.message.DbException.getJdbcSQLException(DbException.java:489)
	at org.h2.message.DbException.get(DbException.java:223)
	at org.h2.message.DbException.get(DbException.java:199)
	at org.h2.constraint.ConstraintReferential.checkRowOwnTable(ConstraintReferential.java:308)
	at org.h2.constraint.ConstraintReferential.checkRow(ConstraintReferential.java:249)
	at org.h2.table.Table.fireConstraints(Table.java:1227)
	at org.h2.table.Table.fireAfterRow(Table.java:1245)
	at org.h2.command.dml.Insert.insertRows(Insert.java:188)
	at org.h2.command.dml.Insert.update(Insert.java:135)
	at org.h2.command.dml.DataChangeStatement.update(DataChangeStatement.java:74)
	at org.h2.command.CommandContainer.update(CommandContainer.java:139)
	at org.h2.command.Command.executeUpdate(Command.java:304)
	at org.h2.command.Command.executeUpdate(Command.java:248)
	at org.h2.jdbc.JdbcStatement.executeInternal(JdbcStatement.java:262)
	at org.h2.jdbc.JdbcStatement.execute(JdbcStatement.java:231)
	at com.zaxxer.hikari.pool.ProxyStatement.execute(ProxyStatement.java:95)
	at com.zaxxer.hikari.pool.HikariProxyStatement.execute(HikariProxyStatement.java)
	at org.hibernate.tool.schema.internal.exec.GenerationTargetToDatabase.accept(GenerationTargetToDatabase.java:80)
	... 38 common frames omitted
2026-05-26 10:27:28.831 [main] INFO  >>> o.s.o.j.LocalContainerEntityManagerFactoryBean - Initialized JPA EntityManagerFactory for persistence unit 'default'
2026-05-26 10:27:29.035 [main] INFO  >>> o.s.d.j.r.query.QueryEnhancerFactory - Hibernate is in classpath; If applicable, HQL parser will be used.
2026-05-26 10:27:29.376 [main] INFO  >>> o.s.s.c.a.a.c.InitializeUserDetailsBeanManagerConfigurer$InitializeUserDetailsManagerConfigurer - Global AuthenticationManager configured with UserDetailsService bean with name usuarioService
2026-05-26 10:27:31.224 [main] INFO  >>> o.s.b.a.h.H2ConsoleAutoConfiguration - H2 console available at '/h2-console'. Database available at 'jdbc:h2:mem:testbd'
2026-05-26 10:27:31.305 [main] INFO  >>> o.a.coyote.http11.Http11NioProtocol - Starting ProtocolHandler ["http-nio-8080"]
2026-05-26 10:27:31.317 [main] INFO  >>> o.s.b.w.e.tomcat.TomcatWebServer - Tomcat started on port 8080 (http) with context path '/'
2026-05-26 10:27:31.324 [main] INFO  >>> b.i.p.Produto12026Application - Started Produto12026Application in 5.579 seconds (process running for 6.082)
2026-05-26 10:27:31.392 [main] WARN  >>> o.s.c.events.SpringDocAppInitializer - SpringDoc /api-docs    endpoint is enabled by default. To disable it in production, set the property 'springdoc.api-docs.enabled=false'
2026-05-26 10:27:31.392 [main] WARN  >>> o.s.c.events.SpringDocAppInitializer - SpringDoc /swagger-ui.html endpoint is enabled by default. To disable it in production, set the property 'springdoc.swagger-ui.enabled=false'
2026-05-26 10:28:51.004 [SpringApplicationShutdownHook] INFO  >>> o.s.b.w.e.tomcat.GracefulShutdown - Commencing graceful shutdown. Waiting for active requests to complete
2026-05-26 10:28:51.010 [tomcat-shutdown] INFO  >>> o.s.b.w.e.tomcat.GracefulShutdown - Graceful shutdown complete
2026-05-26 10:28:51.015 [SpringApplicationShutdownHook] INFO  >>> o.s.o.j.LocalContainerEntityManagerFactoryBean - Closing JPA EntityManagerFactory for persistence unit 'default'
2026-05-26 10:28:51.020 [SpringApplicationShutdownHook] INFO  >>> com.zaxxer.hikari.HikariDataSource - HikariPool-1 - Shutdown initiated...
2026-05-26 10:28:51.021 [SpringApplicationShutdownHook] INFO  >>> com.zaxxer.hikari.HikariDataSource - HikariPool-1 - Shutdown completed.
2026-05-26 10:28:53.268 [background-preinit] INFO  >>> o.h.validator.internal.util.Version - HV000001: Hibernate Validator 8.0.3.Final
2026-05-26 10:28:53.301 [main] INFO  >>> b.i.p.Produto12026Application - Starting Produto12026Application using Java 25.0.2 with PID 6280 (C:\Users\kauan\Documents\Trabalhos IF\Atvs_BackEnd\produto1-2026\target\classes started by kauan in C:\Users\kauan\Documents\Trabalhos IF\Atvs_BackEnd\produto1-2026)
2026-05-26 10:28:53.302 [main] INFO  >>> b.i.p.Produto12026Application - The following 1 profile is active: "dev"
2026-05-26 10:28:53.964 [main] INFO  >>> o.s.d.r.c.RepositoryConfigurationDelegate - Bootstrapping Spring Data JPA repositories in DEFAULT mode.
2026-05-26 10:28:54.015 [main] INFO  >>> o.s.d.r.c.RepositoryConfigurationDelegate - Finished Spring Data repository scanning in 44 ms. Found 4 JPA repository interfaces.
2026-05-26 10:28:54.460 [main] INFO  >>> o.s.b.w.e.tomcat.TomcatWebServer - Tomcat initialized with port 8080 (http)
2026-05-26 10:28:54.468 [main] INFO  >>> o.a.coyote.http11.Http11NioProtocol - Initializing ProtocolHandler ["http-nio-8080"]
2026-05-26 10:28:54.468 [main] INFO  >>> o.a.catalina.core.StandardService - Starting service [Tomcat]
2026-05-26 10:28:54.468 [main] INFO  >>> o.a.catalina.core.StandardEngine - Starting Servlet engine: [Apache Tomcat/10.1.52]
2026-05-26 10:28:54.538 [main] INFO  >>> o.a.c.c.C.[Tomcat].[localhost].[/] - Initializing Spring embedded WebApplicationContext
2026-05-26 10:28:54.541 [main] INFO  >>> o.s.b.w.s.c.ServletWebServerApplicationContext - Root WebApplicationContext: initialization completed in 1208 ms
2026-05-26 10:28:54.685 [main] INFO  >>> com.zaxxer.hikari.HikariDataSource - HikariPool-1 - Starting...
2026-05-26 10:28:54.836 [main] INFO  >>> com.zaxxer.hikari.pool.HikariPool - HikariPool-1 - Added connection conn0: url=jdbc:h2:mem:testbd user=SA
2026-05-26 10:28:54.837 [main] INFO  >>> com.zaxxer.hikari.HikariDataSource - HikariPool-1 - Start completed.
2026-05-26 10:28:54.867 [main] INFO  >>> o.h.jpa.internal.util.LogHelper - HHH000204: Processing PersistenceUnitInfo [name: default]
2026-05-26 10:28:54.909 [main] INFO  >>> org.hibernate.Version - HHH000412: Hibernate ORM core version 6.6.42.Final
2026-05-26 10:28:54.939 [main] INFO  >>> o.h.c.i.RegionFactoryInitiator - HHH000026: Second-level cache disabled
2026-05-26 10:28:55.133 [main] INFO  >>> o.s.o.j.p.SpringPersistenceUnitInfo - No LoadTimeWeaver setup: ignoring JPA class transformer
2026-05-26 10:28:55.187 [main] INFO  >>> o.hibernate.orm.connections.pooling - HHH10001005: Database info:
	Database JDBC URL [Connecting through datasource 'HikariDataSource (HikariPool-1)']
	Database driver: undefined/unknown
	Database version: 2.3.232
	Autocommit mode: undefined/unknown
	Isolation level: undefined/unknown
	Minimum pool size: undefined/unknown
	Maximum pool size: undefined/unknown
2026-05-26 10:28:55.917 [main] INFO  >>> o.h.e.t.j.p.i.JtaPlatformInitiator - HHH000489: No JTA platform available (set 'hibernate.transaction.jta.platform' to enable JTA platform integration)
2026-05-26 10:28:55.937 [main] INFO  >>> o.s.o.j.LocalContainerEntityManagerFactoryBean - Initialized JPA EntityManagerFactory for persistence unit 'default'
2026-05-26 10:28:56.125 [main] INFO  >>> o.s.d.j.r.query.QueryEnhancerFactory - Hibernate is in classpath; If applicable, HQL parser will be used.
2026-05-26 10:28:56.466 [main] INFO  >>> o.s.s.c.a.a.c.InitializeUserDetailsBeanManagerConfigurer$InitializeUserDetailsManagerConfigurer - Global AuthenticationManager configured with UserDetailsService bean with name usuarioService
2026-05-26 10:28:58.553 [main] INFO  >>> o.s.b.a.h.H2ConsoleAutoConfiguration - H2 console available at '/h2-console'. Database available at 'jdbc:h2:mem:testbd'
2026-05-26 10:28:58.627 [main] INFO  >>> o.a.coyote.http11.Http11NioProtocol - Starting ProtocolHandler ["http-nio-8080"]
2026-05-26 10:28:58.639 [main] INFO  >>> o.s.b.w.e.tomcat.TomcatWebServer - Tomcat started on port 8080 (http) with context path '/'
2026-05-26 10:28:58.646 [main] INFO  >>> b.i.p.Produto12026Application - Started Produto12026Application in 5.801 seconds (process running for 6.328)
2026-05-26 10:28:58.714 [main] WARN  >>> o.s.c.events.SpringDocAppInitializer - SpringDoc /api-docs    endpoint is enabled by default. To disable it in production, set the property 'springdoc.api-docs.enabled=false'
2026-05-26 10:28:58.714 [main] WARN  >>> o.s.c.events.SpringDocAppInitializer - SpringDoc /swagger-ui.html endpoint is enabled by default. To disable it in production, set the property 'springdoc.swagger-ui.enabled=false'
2026-05-26 11:04:48.117 [SpringApplicationShutdownHook] INFO  >>> o.s.b.w.e.tomcat.GracefulShutdown - Commencing graceful shutdown. Waiting for active requests to complete
2026-05-26 11:04:48.123 [tomcat-shutdown] INFO  >>> o.s.b.w.e.tomcat.GracefulShutdown - Graceful shutdown complete
2026-05-26 11:04:48.128 [SpringApplicationShutdownHook] INFO  >>> o.s.o.j.LocalContainerEntityManagerFactoryBean - Closing JPA EntityManagerFactory for persistence unit 'default'
2026-05-26 11:04:48.130 [SpringApplicationShutdownHook] INFO  >>> com.zaxxer.hikari.HikariDataSource - HikariPool-1 - Shutdown initiated...
2026-05-26 11:04:48.132 [SpringApplicationShutdownHook] INFO  >>> com.zaxxer.hikari.HikariDataSource - HikariPool-1 - Shutdown completed.
2026-05-26 11:04:53.156 [background-preinit] INFO  >>> o.h.validator.internal.util.Version - HV000001: Hibernate Validator 8.0.3.Final
2026-05-26 11:04:53.193 [main] INFO  >>> b.i.p.Produto12026Application - Starting Produto12026Application using Java 25.0.2 with PID 5408 (C:\Users\kauan\Documents\Trabalhos IF\Atvs_BackEnd\produto1-2026\target\classes started by kauan in C:\Users\kauan\Documents\Trabalhos IF\Atvs_BackEnd\produto1-2026)
2026-05-26 11:04:53.194 [main] INFO  >>> b.i.p.Produto12026Application - The following 1 profile is active: "dev"
2026-05-26 11:04:53.941 [main] INFO  >>> o.s.d.r.c.RepositoryConfigurationDelegate - Bootstrapping Spring Data JPA repositories in DEFAULT mode.
2026-05-26 11:04:54.006 [main] INFO  >>> o.s.d.r.c.RepositoryConfigurationDelegate - Finished Spring Data repository scanning in 57 ms. Found 4 JPA repository interfaces.
2026-05-26 11:04:54.524 [main] INFO  >>> o.s.b.w.e.tomcat.TomcatWebServer - Tomcat initialized with port 8080 (http)
2026-05-26 11:04:54.533 [main] INFO  >>> o.a.coyote.http11.Http11NioProtocol - Initializing ProtocolHandler ["http-nio-8080"]
2026-05-26 11:04:54.534 [main] INFO  >>> o.a.catalina.core.StandardService - Starting service [Tomcat]
2026-05-26 11:04:54.534 [main] INFO  >>> o.a.catalina.core.StandardEngine - Starting Servlet engine: [Apache Tomcat/10.1.52]
2026-05-26 11:04:54.601 [main] INFO  >>> o.a.c.c.C.[Tomcat].[localhost].[/] - Initializing Spring embedded WebApplicationContext
2026-05-26 11:04:54.602 [main] INFO  >>> o.s.b.w.s.c.ServletWebServerApplicationContext - Root WebApplicationContext: initialization completed in 1377 ms
2026-05-26 11:04:54.822 [main] INFO  >>> com.zaxxer.hikari.HikariDataSource - HikariPool-1 - Starting...
2026-05-26 11:04:54.967 [main] INFO  >>> com.zaxxer.hikari.pool.HikariPool - HikariPool-1 - Added connection com.mysql.cj.jdbc.ConnectionImpl@147c00aa
2026-05-26 11:04:54.969 [main] INFO  >>> com.zaxxer.hikari.HikariDataSource - HikariPool-1 - Start completed.
2026-05-26 11:04:55.026 [main] INFO  >>> org.flywaydb.core.FlywayExecutor - Database: jdbc:mysql://localhost/products?createDatabaseIfNotExist=true&allowPublicKeyRetrieval=true&useSSL=false&useTimezone=true&serverTimezone=UTC (MySQL 5.5)
2026-05-26 11:04:55.059 [main] INFO  >>> o.f.c.internal.database.base.Schema - Creating schema `product` ...
2026-05-26 11:04:55.065 [main] INFO  >>> o.f.c.i.s.JdbcTableSchemaHistory - Creating Schema History table `product`.`flyway_schema_history` ...
2026-05-26 11:04:55.145 [main] INFO  >>> o.f.core.internal.command.DbMigrate - Current version of schema `product`: null
2026-05-26 11:04:55.145 [main] WARN  >>> o.f.core.internal.command.DbMigrate - outOfOrder mode is active. Migration of schema `product` may not be reproducible.
2026-05-26 11:04:55.151 [main] INFO  >>> o.f.core.internal.command.DbMigrate - Migrating schema `product` to version "1 - criacao do bd"
2026-05-26 11:04:55.154 [main] WARN  >>> o.f.c.i.s.DefaultSqlScriptExecutor - DB: Can't create database 'product'; database exists (SQL State: HY000 - Error Code: 1007)
2026-05-26 11:04:55.169 [main] INFO  >>> o.f.core.internal.command.DbMigrate - Migrating schema `product` to version "2 - criando tabelas do bd"
2026-05-26 11:04:55.176 [main] ERROR >>> o.f.core.internal.command.DbMigrate - Migration of schema `product` to version "2 - criando tabelas do bd" failed! Please restore backups and roll back database and code!
2026-05-26 11:04:55.184 [main] WARN  >>> o.s.b.w.s.c.AnnotationConfigServletWebServerApplicationContext - Exception encountered during context initialization - cancelling refresh attempt: org.springframework.beans.factory.BeanCreationException: Error creating bean with name 'entityManagerFactory' defined in class path resource [org/springframework/boot/autoconfigure/orm/jpa/HibernateJpaConfiguration.class]: Failed to initialize dependency 'flywayInitializer' of LoadTimeWeaverAware bean 'entityManagerFactory': Error creating bean with name 'flywayInitializer' defined in class path resource [org/springframework/boot/autoconfigure/flyway/FlywayAutoConfiguration$FlywayConfiguration.class]: Script V2__criando_tabelas_do_bd.sql failed
-------------------------------------------
SQL State  : 42000
Error Code : 1064
Message    : You have an error in your SQL syntax; check the manual that corresponds to your MariaDB server version for the right syntax to use near 'TIME ZONE, criado_em TIMESTAMP WITHOUT TIME ZONE, id bigint generated by defa...' at line 1
Location   : db/migration/V2__criando_tabelas_do_bd.sql (C:\Users\kauan\Documents\Trabalhos IF\Atvs_BackEnd\produto1-2026\target\classes\db\migration\V2__criando_tabelas_do_bd.sql)
Line       : 1
Statement  : Run Flyway with -X option to see the actual statement causing the problem

2026-05-26 11:04:55.184 [main] INFO  >>> com.zaxxer.hikari.HikariDataSource - HikariPool-1 - Shutdown initiated...
2026-05-26 11:04:55.207 [main] INFO  >>> com.zaxxer.hikari.HikariDataSource - HikariPool-1 - Shutdown completed.
2026-05-26 11:04:55.209 [main] INFO  >>> o.a.catalina.core.StandardService - Stopping service [Tomcat]
2026-05-26 11:04:55.218 [main] INFO  >>> o.s.b.a.l.ConditionEvaluationReportLogger - 

Error starting ApplicationContext. To display the condition evaluation report re-run your application with 'debug' enabled.
2026-05-26 11:04:55.236 [main] ERROR >>> o.s.boot.SpringApplication - Application run failed
org.springframework.beans.factory.BeanCreationException: Error creating bean with name 'entityManagerFactory' defined in class path resource [org/springframework/boot/autoconfigure/orm/jpa/HibernateJpaConfiguration.class]: Failed to initialize dependency 'flywayInitializer' of LoadTimeWeaverAware bean 'entityManagerFactory': Error creating bean with name 'flywayInitializer' defined in class path resource [org/springframework/boot/autoconfigure/flyway/FlywayAutoConfiguration$FlywayConfiguration.class]: Script V2__criando_tabelas_do_bd.sql failed
-------------------------------------------
SQL State  : 42000
Error Code : 1064
Message    : You have an error in your SQL syntax; check the manual that corresponds to your MariaDB server version for the right syntax to use near 'TIME ZONE, criado_em TIMESTAMP WITHOUT TIME ZONE, id bigint generated by defa...' at line 1
Location   : db/migration/V2__criando_tabelas_do_bd.sql (C:\Users\kauan\Documents\Trabalhos IF\Atvs_BackEnd\produto1-2026\target\classes\db\migration\V2__criando_tabelas_do_bd.sql)
Line       : 1
Statement  : Run Flyway with -X option to see the actual statement causing the problem

	at org.springframework.beans.factory.support.AbstractBeanFactory.doGetBean(AbstractBeanFactory.java:328)
	at org.springframework.beans.factory.support.AbstractBeanFactory.getBean(AbstractBeanFactory.java:207)
	at org.springframework.context.support.AbstractApplicationContext.finishBeanFactoryInitialization(AbstractApplicationContext.java:974)
	at org.springframework.context.support.AbstractApplicationContext.refresh(AbstractApplicationContext.java:628)
	at org.springframework.boot.web.servlet.context.ServletWebServerApplicationContext.refresh(ServletWebServerApplicationContext.java:146)
	at org.springframework.boot.SpringApplication.refresh(SpringApplication.java:752)
	at org.springframework.boot.SpringApplication.refreshContext(SpringApplication.java:439)
	at org.springframework.boot.SpringApplication.run(SpringApplication.java:318)
	at org.springframework.boot.SpringApplication.run(SpringApplication.java:1361)
	at org.springframework.boot.SpringApplication.run(SpringApplication.java:1350)
	at br.ifmg.produto1_2026.Produto12026Application.main(Produto12026Application.java:17)
Caused by: org.springframework.beans.factory.BeanCreationException: Error creating bean with name 'flywayInitializer' defined in class path resource [org/springframework/boot/autoconfigure/flyway/FlywayAutoConfiguration$FlywayConfiguration.class]: Script V2__criando_tabelas_do_bd.sql failed
-------------------------------------------
SQL State  : 42000
Error Code : 1064
Message    : You have an error in your SQL syntax; check the manual that corresponds to your MariaDB server version for the right syntax to use near 'TIME ZONE, criado_em TIMESTAMP WITHOUT TIME ZONE, id bigint generated by defa...' at line 1
Location   : db/migration/V2__criando_tabelas_do_bd.sql (C:\Users\kauan\Documents\Trabalhos IF\Atvs_BackEnd\produto1-2026\target\classes\db\migration\V2__criando_tabelas_do_bd.sql)
Line       : 1
Statement  : Run Flyway with -X option to see the actual statement causing the problem

	at org.springframework.beans.factory.support.AbstractAutowireCapableBeanFactory.initializeBean(AbstractAutowireCapableBeanFactory.java:1826)
	at org.springframework.beans.factory.support.AbstractAutowireCapableBeanFactory.doCreateBean(AbstractAutowireCapableBeanFactory.java:607)
	at org.springframework.beans.factory.support.AbstractAutowireCapableBeanFactory.createBean(AbstractAutowireCapableBeanFactory.java:529)
	at org.springframework.beans.factory.support.AbstractBeanFactory.lambda$doGetBean$0(AbstractBeanFactory.java:339)
	at org.springframework.beans.factory.support.DefaultSingletonBeanRegistry.getSingleton(DefaultSingletonBeanRegistry.java:373)
	at org.springframework.beans.factory.support.AbstractBeanFactory.doGetBean(AbstractBeanFactory.java:337)
	at org.springframework.beans.factory.support.AbstractBeanFactory.getBean(AbstractBeanFactory.java:202)
	at org.springframework.beans.factory.support.AbstractBeanFactory.doGetBean(AbstractBeanFactory.java:315)
	... 10 common frames omitted
Caused by: org.flywaydb.core.internal.exception.FlywayMigrateException: Script V2__criando_tabelas_do_bd.sql failed
-------------------------------------------
SQL State  : 42000
Error Code : 1064
Message    : You have an error in your SQL syntax; check the manual that corresponds to your MariaDB server version for the right syntax to use near 'TIME ZONE, criado_em TIMESTAMP WITHOUT TIME ZONE, id bigint generated by defa...' at line 1
Location   : db/migration/V2__criando_tabelas_do_bd.sql (C:\Users\kauan\Documents\Trabalhos IF\Atvs_BackEnd\produto1-2026\target\classes\db\migration\V2__criando_tabelas_do_bd.sql)
Line       : 1
Statement  : Run Flyway with -X option to see the actual statement causing the problem

	at org.flywaydb.core.internal.command.DbMigrate.doMigrateGroup(DbMigrate.java:399)
	at org.flywaydb.core.internal.command.DbMigrate.lambda$applyMigrations$1(DbMigrate.java:283)
	at org.flywaydb.core.internal.jdbc.TransactionalExecutionTemplate.execute(TransactionalExecutionTemplate.java:59)
	at org.flywaydb.core.internal.command.DbMigrate.applyMigrations(DbMigrate.java:282)
	at org.flywaydb.core.internal.command.DbMigrate.migrateGroup(DbMigrate.java:255)
	at org.flywaydb.core.internal.command.DbMigrate.lambda$migrateAll$0(DbMigrate.java:153)
	at org.flywaydb.database.mysql.MySQLNamedLockTemplate.execute(MySQLNamedLockTemplate.java:58)
	at org.flywaydb.database.mysql.MySQLConnection.lock(MySQLConnection.java:150)
	at org.flywaydb.core.internal.schemahistory.JdbcTableSchemaHistory.lock(JdbcTableSchemaHistory.java:164)
	at org.flywaydb.core.internal.command.DbMigrate.migrateAll(DbMigrate.java:153)
	at org.flywaydb.core.internal.command.DbMigrate.migrate(DbMigrate.java:104)
	at org.flywaydb.core.Flyway.lambda$migrate$1(Flyway.java:247)
	at org.flywaydb.core.FlywayExecutor.execute(FlywayExecutor.java:210)
	at org.flywaydb.core.Flyway.migrate(Flyway.java:188)
	at org.springframework.boot.autoconfigure.flyway.FlywayMigrationInitializer.afterPropertiesSet(FlywayMigrationInitializer.java:66)
	at org.springframework.beans.factory.support.AbstractAutowireCapableBeanFactory.invokeInitMethods(AbstractAutowireCapableBeanFactory.java:1873)
	at org.springframework.beans.factory.support.AbstractAutowireCapableBeanFactory.initializeBean(AbstractAutowireCapableBeanFactory.java:1822)
	... 17 common frames omitted
Caused by: org.flywaydb.core.internal.sqlscript.FlywaySqlScriptException: Script V2__criando_tabelas_do_bd.sql failed
-------------------------------------------
SQL State  : 42000
Error Code : 1064
Message    : You have an error in your SQL syntax; check the manual that corresponds to your MariaDB server version for the right syntax to use near 'TIME ZONE, criado_em TIMESTAMP WITHOUT TIME ZONE, id bigint generated by defa...' at line 1
Location   : db/migration/V2__criando_tabelas_do_bd.sql (C:\Users\kauan\Documents\Trabalhos IF\Atvs_BackEnd\produto1-2026\target\classes\db\migration\V2__criando_tabelas_do_bd.sql)
Line       : 1
Statement  : Run Flyway with -X option to see the actual statement causing the problem

	at org.flywaydb.core.internal.sqlscript.DefaultSqlScriptExecutor.handleException(DefaultSqlScriptExecutor.java:256)
	at org.flywaydb.core.internal.sqlscript.DefaultSqlScriptExecutor.executeStatement(DefaultSqlScriptExecutor.java:217)
	at org.flywaydb.core.internal.sqlscript.DefaultSqlScriptExecutor.execute(DefaultSqlScriptExecutor.java:137)
	at org.flywaydb.core.internal.resolver.sql.SqlMigrationExecutor.executeOnce(SqlMigrationExecutor.java:75)
	at org.flywaydb.core.internal.resolver.sql.SqlMigrationExecutor.lambda$execute$0(SqlMigrationExecutor.java:66)
	at org.flywaydb.core.internal.database.DefaultExecutionStrategy.execute(DefaultExecutionStrategy.java:31)
	at org.flywaydb.core.internal.resolver.sql.SqlMigrationExecutor.execute(SqlMigrationExecutor.java:65)
	at org.flywaydb.core.internal.command.DbMigrate.doMigrateGroup(DbMigrate.java:391)
	... 33 common frames omitted
Caused by: java.sql.SQLSyntaxErrorException: You have an error in your SQL syntax; check the manual that corresponds to your MariaDB server version for the right syntax to use near 'TIME ZONE, criado_em TIMESTAMP WITHOUT TIME ZONE, id bigint generated by defa...' at line 1
	at com.mysql.cj.jdbc.exceptions.SQLError.createSQLException(SQLError.java:112)
	at com.mysql.cj.jdbc.exceptions.SQLExceptionsMapping.translateException(SQLExceptionsMapping.java:114)
	at com.mysql.cj.jdbc.StatementImpl.executeInternal(StatementImpl.java:839)
	at com.mysql.cj.jdbc.StatementImpl.execute(StatementImpl.java:687)
	at com.zaxxer.hikari.pool.ProxyStatement.execute(ProxyStatement.java:95)
	at com.zaxxer.hikari.pool.HikariProxyStatement.execute(HikariProxyStatement.java)
	at org.flywaydb.core.internal.jdbc.JdbcTemplate.executeStatement(JdbcTemplate.java:215)
	at org.flywaydb.core.internal.sqlscript.ParsedSqlStatement.execute(ParsedSqlStatement.java:88)
	at org.flywaydb.core.internal.sqlscript.DefaultSqlScriptExecutor.executeStatement(DefaultSqlScriptExecutor.java:212)
	... 39 common frames omitted
2026-05-26 11:05:10.760 [background-preinit] INFO  >>> o.h.validator.internal.util.Version - HV000001: Hibernate Validator 8.0.3.Final
2026-05-26 11:05:10.796 [main] INFO  >>> b.i.p.Produto12026Application - Starting Produto12026Application using Java 25.0.2 with PID 14168 (C:\Users\kauan\Documents\Trabalhos IF\Atvs_BackEnd\produto1-2026\target\classes started by kauan in C:\Users\kauan\Documents\Trabalhos IF\Atvs_BackEnd\produto1-2026)
2026-05-26 11:05:10.796 [main] INFO  >>> b.i.p.Produto12026Application - The following 1 profile is active: "dev"
2026-05-26 11:05:11.445 [main] INFO  >>> o.s.d.r.c.RepositoryConfigurationDelegate - Bootstrapping Spring Data JPA repositories in DEFAULT mode.
2026-05-26 11:05:11.503 [main] INFO  >>> o.s.d.r.c.RepositoryConfigurationDelegate - Finished Spring Data repository scanning in 51 ms. Found 4 JPA repository interfaces.
2026-05-26 11:05:11.969 [main] INFO  >>> o.s.b.w.e.tomcat.TomcatWebServer - Tomcat initialized with port 8080 (http)
2026-05-26 11:05:11.988 [main] INFO  >>> o.a.coyote.http11.Http11NioProtocol - Initializing ProtocolHandler ["http-nio-8080"]
2026-05-26 11:05:11.990 [main] INFO  >>> o.a.catalina.core.StandardService - Starting service [Tomcat]
2026-05-26 11:05:11.990 [main] INFO  >>> o.a.catalina.core.StandardEngine - Starting Servlet engine: [Apache Tomcat/10.1.52]
2026-05-26 11:05:12.053 [main] INFO  >>> o.a.c.c.C.[Tomcat].[localhost].[/] - Initializing Spring embedded WebApplicationContext
2026-05-26 11:05:12.053 [main] INFO  >>> o.s.b.w.s.c.ServletWebServerApplicationContext - Root WebApplicationContext: initialization completed in 1225 ms
2026-05-26 11:05:12.315 [main] INFO  >>> com.zaxxer.hikari.HikariDataSource - HikariPool-1 - Starting...
2026-05-26 11:05:12.471 [main] INFO  >>> com.zaxxer.hikari.pool.HikariPool - HikariPool-1 - Added connection com.mysql.cj.jdbc.ConnectionImpl@1c171746
2026-05-26 11:05:12.474 [main] INFO  >>> com.zaxxer.hikari.HikariDataSource - HikariPool-1 - Start completed.
2026-05-26 11:05:12.548 [main] INFO  >>> org.flywaydb.core.FlywayExecutor - Database: jdbc:mysql://localhost:3306/products?createDatabaseIfNotExist=true&allowPublicKeyRetrieval=true&useSSL=false&useTimezone=true&serverTimezone=UTC (MySQL 5.5)
2026-05-26 11:05:12.588 [main] WARN  >>> o.s.b.w.s.c.AnnotationConfigServletWebServerApplicationContext - Exception encountered during context initialization - cancelling refresh attempt: org.springframework.beans.factory.BeanCreationException: Error creating bean with name 'entityManagerFactory' defined in class path resource [org/springframework/boot/autoconfigure/orm/jpa/HibernateJpaConfiguration.class]: Failed to initialize dependency 'flywayInitializer' of LoadTimeWeaverAware bean 'entityManagerFactory': Error creating bean with name 'flywayInitializer' defined in class path resource [org/springframework/boot/autoconfigure/flyway/FlywayAutoConfiguration$FlywayConfiguration.class]: Validate failed: Migrations have failed validation
Detected failed migration to version 2 (criando tabelas do bd).
Please remove any half-completed changes then run repair to fix the schema history.
Need more flexibility with validation rules? Learn more: https://rd.gt/3AbJUZE
2026-05-26 11:05:12.588 [main] INFO  >>> com.zaxxer.hikari.HikariDataSource - HikariPool-1 - Shutdown initiated...
2026-05-26 11:05:12.610 [main] INFO  >>> com.zaxxer.hikari.HikariDataSource - HikariPool-1 - Shutdown completed.
2026-05-26 11:05:12.612 [main] INFO  >>> o.a.catalina.core.StandardService - Stopping service [Tomcat]
2026-05-26 11:05:12.620 [main] INFO  >>> o.s.b.a.l.ConditionEvaluationReportLogger - 

Error starting ApplicationContext. To display the condition evaluation report re-run your application with 'debug' enabled.
2026-05-26 11:05:12.631 [main] ERROR >>> o.s.boot.SpringApplication - Application run failed
org.springframework.beans.factory.BeanCreationException: Error creating bean with name 'entityManagerFactory' defined in class path resource [org/springframework/boot/autoconfigure/orm/jpa/HibernateJpaConfiguration.class]: Failed to initialize dependency 'flywayInitializer' of LoadTimeWeaverAware bean 'entityManagerFactory': Error creating bean with name 'flywayInitializer' defined in class path resource [org/springframework/boot/autoconfigure/flyway/FlywayAutoConfiguration$FlywayConfiguration.class]: Validate failed: Migrations have failed validation
Detected failed migration to version 2 (criando tabelas do bd).
Please remove any half-completed changes then run repair to fix the schema history.
Need more flexibility with validation rules? Learn more: https://rd.gt/3AbJUZE
	at org.springframework.beans.factory.support.AbstractBeanFactory.doGetBean(AbstractBeanFactory.java:328)
	at org.springframework.beans.factory.support.AbstractBeanFactory.getBean(AbstractBeanFactory.java:207)
	at org.springframework.context.support.AbstractApplicationContext.finishBeanFactoryInitialization(AbstractApplicationContext.java:974)
	at org.springframework.context.support.AbstractApplicationContext.refresh(AbstractApplicationContext.java:628)
	at org.springframework.boot.web.servlet.context.ServletWebServerApplicationContext.refresh(ServletWebServerApplicationContext.java:146)
	at org.springframework.boot.SpringApplication.refresh(SpringApplication.java:752)
	at org.springframework.boot.SpringApplication.refreshContext(SpringApplication.java:439)
	at org.springframework.boot.SpringApplication.run(SpringApplication.java:318)
	at org.springframework.boot.SpringApplication.run(SpringApplication.java:1361)
	at org.springframework.boot.SpringApplication.run(SpringApplication.java:1350)
	at br.ifmg.produto1_2026.Produto12026Application.main(Produto12026Application.java:17)
Caused by: org.springframework.beans.factory.BeanCreationException: Error creating bean with name 'flywayInitializer' defined in class path resource [org/springframework/boot/autoconfigure/flyway/FlywayAutoConfiguration$FlywayConfiguration.class]: Validate failed: Migrations have failed validation
Detected failed migration to version 2 (criando tabelas do bd).
Please remove any half-completed changes then run repair to fix the schema history.
Need more flexibility with validation rules? Learn more: https://rd.gt/3AbJUZE
	at org.springframework.beans.factory.support.AbstractAutowireCapableBeanFactory.initializeBean(AbstractAutowireCapableBeanFactory.java:1826)
	at org.springframework.beans.factory.support.AbstractAutowireCapableBeanFactory.doCreateBean(AbstractAutowireCapableBeanFactory.java:607)
	at org.springframework.beans.factory.support.AbstractAutowireCapableBeanFactory.createBean(AbstractAutowireCapableBeanFactory.java:529)
	at org.springframework.beans.factory.support.AbstractBeanFactory.lambda$doGetBean$0(AbstractBeanFactory.java:339)
	at org.springframework.beans.factory.support.DefaultSingletonBeanRegistry.getSingleton(DefaultSingletonBeanRegistry.java:373)
	at org.springframework.beans.factory.support.AbstractBeanFactory.doGetBean(AbstractBeanFactory.java:337)
	at org.springframework.beans.factory.support.AbstractBeanFactory.getBean(AbstractBeanFactory.java:202)
	at org.springframework.beans.factory.support.AbstractBeanFactory.doGetBean(AbstractBeanFactory.java:315)
	... 10 common frames omitted
Caused by: org.flywaydb.core.api.exception.FlywayValidateException: Validate failed: Migrations have failed validation
Detected failed migration to version 2 (criando tabelas do bd).
Please remove any half-completed changes then run repair to fix the schema history.
Need more flexibility with validation rules? Learn more: https://rd.gt/3AbJUZE
	at org.flywaydb.core.Flyway.lambda$migrate$1(Flyway.java:201)
	at org.flywaydb.core.FlywayExecutor.execute(FlywayExecutor.java:210)
	at org.flywaydb.core.Flyway.migrate(Flyway.java:188)
	at org.springframework.boot.autoconfigure.flyway.FlywayMigrationInitializer.afterPropertiesSet(FlywayMigrationInitializer.java:66)
	at org.springframework.beans.factory.support.AbstractAutowireCapableBeanFactory.invokeInitMethods(AbstractAutowireCapableBeanFactory.java:1873)
	at org.springframework.beans.factory.support.AbstractAutowireCapableBeanFactory.initializeBean(AbstractAutowireCapableBeanFactory.java:1822)
	... 17 common frames omitted
2026-05-26 11:07:02.054 [background-preinit] INFO  >>> o.h.validator.internal.util.Version - HV000001: Hibernate Validator 8.0.3.Final
2026-05-26 11:07:02.090 [main] INFO  >>> b.i.p.Produto12026Application - Starting Produto12026Application using Java 25.0.2 with PID 3744 (C:\Users\kauan\Documents\Trabalhos IF\Atvs_BackEnd\produto1-2026\target\classes started by kauan in C:\Users\kauan\Documents\Trabalhos IF\Atvs_BackEnd\produto1-2026)
2026-05-26 11:07:02.090 [main] INFO  >>> b.i.p.Produto12026Application - The following 1 profile is active: "dev"
2026-05-26 11:07:02.823 [main] INFO  >>> o.s.d.r.c.RepositoryConfigurationDelegate - Bootstrapping Spring Data JPA repositories in DEFAULT mode.
2026-05-26 11:07:02.877 [main] INFO  >>> o.s.d.r.c.RepositoryConfigurationDelegate - Finished Spring Data repository scanning in 47 ms. Found 4 JPA repository interfaces.
2026-05-26 11:07:03.334 [main] INFO  >>> o.s.b.w.e.tomcat.TomcatWebServer - Tomcat initialized with port 8080 (http)
2026-05-26 11:07:03.353 [main] INFO  >>> o.a.coyote.http11.Http11NioProtocol - Initializing ProtocolHandler ["http-nio-8080"]
2026-05-26 11:07:03.354 [main] INFO  >>> o.a.catalina.core.StandardService - Starting service [Tomcat]
2026-05-26 11:07:03.354 [main] INFO  >>> o.a.catalina.core.StandardEngine - Starting Servlet engine: [Apache Tomcat/10.1.52]
2026-05-26 11:07:03.414 [main] INFO  >>> o.a.c.c.C.[Tomcat].[localhost].[/] - Initializing Spring embedded WebApplicationContext
2026-05-26 11:07:03.415 [main] INFO  >>> o.s.b.w.s.c.ServletWebServerApplicationContext - Root WebApplicationContext: initialization completed in 1295 ms
2026-05-26 11:07:03.635 [main] INFO  >>> com.zaxxer.hikari.HikariDataSource - HikariPool-1 - Starting...
2026-05-26 11:07:03.744 [main] INFO  >>> com.zaxxer.hikari.pool.HikariPool - HikariPool-1 - Added connection com.mysql.cj.jdbc.ConnectionImpl@b0d3e7
2026-05-26 11:07:03.746 [main] INFO  >>> com.zaxxer.hikari.HikariDataSource - HikariPool-1 - Start completed.
2026-05-26 11:07:03.801 [main] INFO  >>> org.flywaydb.core.FlywayExecutor - Database: jdbc:mysql://localhost:3306/products?createDatabaseIfNotExist=true&allowPublicKeyRetrieval=true&useSSL=false&useTimezone=true&serverTimezone=UTC (MySQL 5.5)
2026-05-26 11:07:03.827 [main] INFO  >>> o.f.c.i.s.JdbcTableSchemaHistory - Schema history table `products`.`flyway_schema_history` does not exist yet
2026-05-26 11:07:03.829 [main] INFO  >>> o.f.core.internal.command.DbValidate - Successfully validated 2 migrations (execution time 00:00.013s)
2026-05-26 11:07:03.862 [main] INFO  >>> org.flywaydb.core.Flyway - All configured schemas are empty; baseline operation skipped. A baseline or migration script with a lower version than the baseline version may execute if available. Check the Schemas parameter if this is not intended.
2026-05-26 11:07:03.866 [main] INFO  >>> o.f.c.i.s.JdbcTableSchemaHistory - Creating Schema History table `products`.`flyway_schema_history` ...
2026-05-26 11:07:03.916 [main] INFO  >>> o.f.core.internal.command.DbMigrate - Current version of schema `products`: << Empty Schema >>
2026-05-26 11:07:03.917 [main] WARN  >>> o.f.core.internal.command.DbMigrate - outOfOrder mode is active. Migration of schema `products` may not be reproducible.
2026-05-26 11:07:03.923 [main] INFO  >>> o.f.core.internal.command.DbMigrate - Migrating schema `products` to version "1 - criacao do bd"
2026-05-26 11:07:03.926 [main] WARN  >>> o.f.c.i.s.DefaultSqlScriptExecutor - DB: Can't create database 'product'; database exists (SQL State: HY000 - Error Code: 1007)
2026-05-26 11:07:03.947 [main] INFO  >>> o.f.core.internal.command.DbMigrate - Migrating schema `products` to version "2 - criando tabelas do bd"
2026-05-26 11:07:03.953 [main] ERROR >>> o.f.core.internal.command.DbMigrate - Migration of schema `products` to version "2 - criando tabelas do bd" failed! Please restore backups and roll back database and code!
2026-05-26 11:07:03.962 [main] WARN  >>> o.s.b.w.s.c.AnnotationConfigServletWebServerApplicationContext - Exception encountered during context initialization - cancelling refresh attempt: org.springframework.beans.factory.BeanCreationException: Error creating bean with name 'entityManagerFactory' defined in class path resource [org/springframework/boot/autoconfigure/orm/jpa/HibernateJpaConfiguration.class]: Failed to initialize dependency 'flywayInitializer' of LoadTimeWeaverAware bean 'entityManagerFactory': Error creating bean with name 'flywayInitializer' defined in class path resource [org/springframework/boot/autoconfigure/flyway/FlywayAutoConfiguration$FlywayConfiguration.class]: Script V2__criando_tabelas_do_bd.sql failed
-------------------------------------------
SQL State  : 42000
Error Code : 1064
Message    : You have an error in your SQL syntax; check the manual that corresponds to your MariaDB server version for the right syntax to use near 'TIME ZONE, criado_em TIMESTAMP WITHOUT TIME ZONE, id bigint generated by defa...' at line 1
Location   : db/migration/V2__criando_tabelas_do_bd.sql (C:\Users\kauan\Documents\Trabalhos IF\Atvs_BackEnd\produto1-2026\target\classes\db\migration\V2__criando_tabelas_do_bd.sql)
Line       : 1
Statement  : Run Flyway with -X option to see the actual statement causing the problem

2026-05-26 11:07:03.962 [main] INFO  >>> com.zaxxer.hikari.HikariDataSource - HikariPool-1 - Shutdown initiated...
2026-05-26 11:07:03.985 [main] INFO  >>> com.zaxxer.hikari.HikariDataSource - HikariPool-1 - Shutdown completed.
2026-05-26 11:07:03.988 [main] INFO  >>> o.a.catalina.core.StandardService - Stopping service [Tomcat]
2026-05-26 11:07:03.997 [main] INFO  >>> o.s.b.a.l.ConditionEvaluationReportLogger - 

Error starting ApplicationContext. To display the condition evaluation report re-run your application with 'debug' enabled.
2026-05-26 11:07:04.009 [main] ERROR >>> o.s.boot.SpringApplication - Application run failed
org.springframework.beans.factory.BeanCreationException: Error creating bean with name 'entityManagerFactory' defined in class path resource [org/springframework/boot/autoconfigure/orm/jpa/HibernateJpaConfiguration.class]: Failed to initialize dependency 'flywayInitializer' of LoadTimeWeaverAware bean 'entityManagerFactory': Error creating bean with name 'flywayInitializer' defined in class path resource [org/springframework/boot/autoconfigure/flyway/FlywayAutoConfiguration$FlywayConfiguration.class]: Script V2__criando_tabelas_do_bd.sql failed
-------------------------------------------
SQL State  : 42000
Error Code : 1064
Message    : You have an error in your SQL syntax; check the manual that corresponds to your MariaDB server version for the right syntax to use near 'TIME ZONE, criado_em TIMESTAMP WITHOUT TIME ZONE, id bigint generated by defa...' at line 1
Location   : db/migration/V2__criando_tabelas_do_bd.sql (C:\Users\kauan\Documents\Trabalhos IF\Atvs_BackEnd\produto1-2026\target\classes\db\migration\V2__criando_tabelas_do_bd.sql)
Line       : 1
Statement  : Run Flyway with -X option to see the actual statement causing the problem

	at org.springframework.beans.factory.support.AbstractBeanFactory.doGetBean(AbstractBeanFactory.java:328)
	at org.springframework.beans.factory.support.AbstractBeanFactory.getBean(AbstractBeanFactory.java:207)
	at org.springframework.context.support.AbstractApplicationContext.finishBeanFactoryInitialization(AbstractApplicationContext.java:974)
	at org.springframework.context.support.AbstractApplicationContext.refresh(AbstractApplicationContext.java:628)
	at org.springframework.boot.web.servlet.context.ServletWebServerApplicationContext.refresh(ServletWebServerApplicationContext.java:146)
	at org.springframework.boot.SpringApplication.refresh(SpringApplication.java:752)
	at org.springframework.boot.SpringApplication.refreshContext(SpringApplication.java:439)
	at org.springframework.boot.SpringApplication.run(SpringApplication.java:318)
	at org.springframework.boot.SpringApplication.run(SpringApplication.java:1361)
	at org.springframework.boot.SpringApplication.run(SpringApplication.java:1350)
	at br.ifmg.produto1_2026.Produto12026Application.main(Produto12026Application.java:17)
Caused by: org.springframework.beans.factory.BeanCreationException: Error creating bean with name 'flywayInitializer' defined in class path resource [org/springframework/boot/autoconfigure/flyway/FlywayAutoConfiguration$FlywayConfiguration.class]: Script V2__criando_tabelas_do_bd.sql failed
-------------------------------------------
SQL State  : 42000
Error Code : 1064
Message    : You have an error in your SQL syntax; check the manual that corresponds to your MariaDB server version for the right syntax to use near 'TIME ZONE, criado_em TIMESTAMP WITHOUT TIME ZONE, id bigint generated by defa...' at line 1
Location   : db/migration/V2__criando_tabelas_do_bd.sql (C:\Users\kauan\Documents\Trabalhos IF\Atvs_BackEnd\produto1-2026\target\classes\db\migration\V2__criando_tabelas_do_bd.sql)
Line       : 1
Statement  : Run Flyway with -X option to see the actual statement causing the problem

	at org.springframework.beans.factory.support.AbstractAutowireCapableBeanFactory.initializeBean(AbstractAutowireCapableBeanFactory.java:1826)
	at org.springframework.beans.factory.support.AbstractAutowireCapableBeanFactory.doCreateBean(AbstractAutowireCapableBeanFactory.java:607)
	at org.springframework.beans.factory.support.AbstractAutowireCapableBeanFactory.createBean(AbstractAutowireCapableBeanFactory.java:529)
	at org.springframework.beans.factory.support.AbstractBeanFactory.lambda$doGetBean$0(AbstractBeanFactory.java:339)
	at org.springframework.beans.factory.support.DefaultSingletonBeanRegistry.getSingleton(DefaultSingletonBeanRegistry.java:373)
	at org.springframework.beans.factory.support.AbstractBeanFactory.doGetBean(AbstractBeanFactory.java:337)
	at org.springframework.beans.factory.support.AbstractBeanFactory.getBean(AbstractBeanFactory.java:202)
	at org.springframework.beans.factory.support.AbstractBeanFactory.doGetBean(AbstractBeanFactory.java:315)
	... 10 common frames omitted
Caused by: org.flywaydb.core.internal.exception.FlywayMigrateException: Script V2__criando_tabelas_do_bd.sql failed
-------------------------------------------
SQL State  : 42000
Error Code : 1064
Message    : You have an error in your SQL syntax; check the manual that corresponds to your MariaDB server version for the right syntax to use near 'TIME ZONE, criado_em TIMESTAMP WITHOUT TIME ZONE, id bigint generated by defa...' at line 1
Location   : db/migration/V2__criando_tabelas_do_bd.sql (C:\Users\kauan\Documents\Trabalhos IF\Atvs_BackEnd\produto1-2026\target\classes\db\migration\V2__criando_tabelas_do_bd.sql)
Line       : 1
Statement  : Run Flyway with -X option to see the actual statement causing the problem

	at org.flywaydb.core.internal.command.DbMigrate.doMigrateGroup(DbMigrate.java:399)
	at org.flywaydb.core.internal.command.DbMigrate.lambda$applyMigrations$1(DbMigrate.java:283)
	at org.flywaydb.core.internal.jdbc.TransactionalExecutionTemplate.execute(TransactionalExecutionTemplate.java:59)
	at org.flywaydb.core.internal.command.DbMigrate.applyMigrations(DbMigrate.java:282)
	at org.flywaydb.core.internal.command.DbMigrate.migrateGroup(DbMigrate.java:255)
	at org.flywaydb.core.internal.command.DbMigrate.lambda$migrateAll$0(DbMigrate.java:153)
	at org.flywaydb.database.mysql.MySQLNamedLockTemplate.execute(MySQLNamedLockTemplate.java:58)
	at org.flywaydb.database.mysql.MySQLConnection.lock(MySQLConnection.java:150)
	at org.flywaydb.core.internal.schemahistory.JdbcTableSchemaHistory.lock(JdbcTableSchemaHistory.java:164)
	at org.flywaydb.core.internal.command.DbMigrate.migrateAll(DbMigrate.java:153)
	at org.flywaydb.core.internal.command.DbMigrate.migrate(DbMigrate.java:104)
	at org.flywaydb.core.Flyway.lambda$migrate$1(Flyway.java:247)
	at org.flywaydb.core.FlywayExecutor.execute(FlywayExecutor.java:210)
	at org.flywaydb.core.Flyway.migrate(Flyway.java:188)
	at org.springframework.boot.autoconfigure.flyway.FlywayMigrationInitializer.afterPropertiesSet(FlywayMigrationInitializer.java:66)
	at org.springframework.beans.factory.support.AbstractAutowireCapableBeanFactory.invokeInitMethods(AbstractAutowireCapableBeanFactory.java:1873)
	at org.springframework.beans.factory.support.AbstractAutowireCapableBeanFactory.initializeBean(AbstractAutowireCapableBeanFactory.java:1822)
	... 17 common frames omitted
Caused by: org.flywaydb.core.internal.sqlscript.FlywaySqlScriptException: Script V2__criando_tabelas_do_bd.sql failed
-------------------------------------------
SQL State  : 42000
Error Code : 1064
Message    : You have an error in your SQL syntax; check the manual that corresponds to your MariaDB server version for the right syntax to use near 'TIME ZONE, criado_em TIMESTAMP WITHOUT TIME ZONE, id bigint generated by defa...' at line 1
Location   : db/migration/V2__criando_tabelas_do_bd.sql (C:\Users\kauan\Documents\Trabalhos IF\Atvs_BackEnd\produto1-2026\target\classes\db\migration\V2__criando_tabelas_do_bd.sql)
Line       : 1
Statement  : Run Flyway with -X option to see the actual statement causing the problem

	at org.flywaydb.core.internal.sqlscript.DefaultSqlScriptExecutor.handleException(DefaultSqlScriptExecutor.java:256)
	at org.flywaydb.core.internal.sqlscript.DefaultSqlScriptExecutor.executeStatement(DefaultSqlScriptExecutor.java:217)
	at org.flywaydb.core.internal.sqlscript.DefaultSqlScriptExecutor.execute(DefaultSqlScriptExecutor.java:137)
	at org.flywaydb.core.internal.resolver.sql.SqlMigrationExecutor.executeOnce(SqlMigrationExecutor.java:75)
	at org.flywaydb.core.internal.resolver.sql.SqlMigrationExecutor.lambda$execute$0(SqlMigrationExecutor.java:66)
	at org.flywaydb.core.internal.database.DefaultExecutionStrategy.execute(DefaultExecutionStrategy.java:31)
	at org.flywaydb.core.internal.resolver.sql.SqlMigrationExecutor.execute(SqlMigrationExecutor.java:65)
	at org.flywaydb.core.internal.command.DbMigrate.doMigrateGroup(DbMigrate.java:391)
	... 33 common frames omitted
Caused by: java.sql.SQLSyntaxErrorException: You have an error in your SQL syntax; check the manual that corresponds to your MariaDB server version for the right syntax to use near 'TIME ZONE, criado_em TIMESTAMP WITHOUT TIME ZONE, id bigint generated by defa...' at line 1
	at com.mysql.cj.jdbc.exceptions.SQLError.createSQLException(SQLError.java:112)
	at com.mysql.cj.jdbc.exceptions.SQLExceptionsMapping.translateException(SQLExceptionsMapping.java:114)
	at com.mysql.cj.jdbc.StatementImpl.executeInternal(StatementImpl.java:839)
	at com.mysql.cj.jdbc.StatementImpl.execute(StatementImpl.java:687)
	at com.zaxxer.hikari.pool.ProxyStatement.execute(ProxyStatement.java:95)
	at com.zaxxer.hikari.pool.HikariProxyStatement.execute(HikariProxyStatement.java)
	at org.flywaydb.core.internal.jdbc.JdbcTemplate.executeStatement(JdbcTemplate.java:215)
	at org.flywaydb.core.internal.sqlscript.ParsedSqlStatement.execute(ParsedSqlStatement.java:88)
	at org.flywaydb.core.internal.sqlscript.DefaultSqlScriptExecutor.executeStatement(DefaultSqlScriptExecutor.java:212)
	... 39 common frames omitted
2026-05-26 11:15:10.438 [background-preinit] INFO  >>> o.h.validator.internal.util.Version - HV000001: Hibernate Validator 8.0.3.Final
2026-05-26 11:15:10.477 [main] INFO  >>> b.i.p.Produto12026Application - Starting Produto12026Application using Java 25.0.2 with PID 24344 (C:\Users\kauan\Documents\Trabalhos IF\Atvs_BackEnd\produto1-2026\target\classes started by kauan in C:\Users\kauan\Documents\Trabalhos IF\Atvs_BackEnd\produto1-2026)
2026-05-26 11:15:10.478 [main] INFO  >>> b.i.p.Produto12026Application - The following 1 profile is active: "dev"
2026-05-26 11:15:11.353 [main] INFO  >>> o.s.d.r.c.RepositoryConfigurationDelegate - Bootstrapping Spring Data JPA repositories in DEFAULT mode.
2026-05-26 11:15:11.427 [main] INFO  >>> o.s.d.r.c.RepositoryConfigurationDelegate - Finished Spring Data repository scanning in 66 ms. Found 4 JPA repository interfaces.
2026-05-26 11:15:12.014 [main] INFO  >>> o.s.b.w.e.tomcat.TomcatWebServer - Tomcat initialized with port 8080 (http)
2026-05-26 11:15:12.040 [main] INFO  >>> o.a.coyote.http11.Http11NioProtocol - Initializing ProtocolHandler ["http-nio-8080"]
2026-05-26 11:15:12.041 [main] INFO  >>> o.a.catalina.core.StandardService - Starting service [Tomcat]
2026-05-26 11:15:12.041 [main] INFO  >>> o.a.catalina.core.StandardEngine - Starting Servlet engine: [Apache Tomcat/10.1.52]
2026-05-26 11:15:12.122 [main] INFO  >>> o.a.c.c.C.[Tomcat].[localhost].[/] - Initializing Spring embedded WebApplicationContext
2026-05-26 11:15:12.122 [main] INFO  >>> o.s.b.w.s.c.ServletWebServerApplicationContext - Root WebApplicationContext: initialization completed in 1606 ms
2026-05-26 11:15:12.413 [main] INFO  >>> com.zaxxer.hikari.HikariDataSource - HikariPool-1 - Starting...
2026-05-26 11:15:12.584 [main] INFO  >>> com.zaxxer.hikari.pool.HikariPool - HikariPool-1 - Added connection com.mysql.cj.jdbc.ConnectionImpl@c94bd18
2026-05-26 11:15:12.586 [main] INFO  >>> com.zaxxer.hikari.HikariDataSource - HikariPool-1 - Start completed.
2026-05-26 11:15:12.662 [main] INFO  >>> org.flywaydb.core.FlywayExecutor - Database: jdbc:mysql://localhost:3306/products?createDatabaseIfNotExist=true&allowPublicKeyRetrieval=true&useSSL=false&useTimezone=true&serverTimezone=UTC (MySQL 5.5)
2026-05-26 11:15:12.693 [main] INFO  >>> o.f.c.i.s.JdbcTableSchemaHistory - Schema history table `products`.`flyway_schema_history` does not exist yet
2026-05-26 11:15:12.696 [main] INFO  >>> o.f.core.internal.command.DbValidate - Successfully validated 2 migrations (execution time 00:00.017s)
2026-05-26 11:15:12.784 [main] INFO  >>> org.flywaydb.core.Flyway - All configured schemas are empty; baseline operation skipped. A baseline or migration script with a lower version than the baseline version may execute if available. Check the Schemas parameter if this is not intended.
2026-05-26 11:15:12.787 [main] INFO  >>> o.f.c.i.s.JdbcTableSchemaHistory - Creating Schema History table `products`.`flyway_schema_history` ...
2026-05-26 11:15:12.942 [main] INFO  >>> o.f.core.internal.command.DbMigrate - Current version of schema `products`: << Empty Schema >>
2026-05-26 11:15:12.943 [main] WARN  >>> o.f.core.internal.command.DbMigrate - outOfOrder mode is active. Migration of schema `products` may not be reproducible.
2026-05-26 11:15:12.950 [main] INFO  >>> o.f.core.internal.command.DbMigrate - Migrating schema `products` to version "1 - criacao do bd"
2026-05-26 11:15:12.953 [main] WARN  >>> o.f.c.i.s.DefaultSqlScriptExecutor - DB: Can't create database 'product'; database exists (SQL State: HY000 - Error Code: 1007)
2026-05-26 11:15:12.988 [main] INFO  >>> o.f.core.internal.command.DbMigrate - Migrating schema `products` to version "2 - criando tabelas do bd"
2026-05-26 11:15:13.385 [main] INFO  >>> o.f.core.internal.command.DbMigrate - Successfully applied 2 migrations to schema `products`, now at version v2 (execution time 00:00.388s)
2026-05-26 11:15:13.473 [main] INFO  >>> o.h.jpa.internal.util.LogHelper - HHH000204: Processing PersistenceUnitInfo [name: default]
2026-05-26 11:15:13.540 [main] INFO  >>> org.hibernate.Version - HHH000412: Hibernate ORM core version 6.6.42.Final
2026-05-26 11:15:13.581 [main] INFO  >>> o.h.c.i.RegionFactoryInitiator - HHH000026: Second-level cache disabled
2026-05-26 11:15:13.832 [main] INFO  >>> o.s.o.j.p.SpringPersistenceUnitInfo - No LoadTimeWeaver setup: ignoring JPA class transformer
2026-05-26 11:15:13.888 [main] WARN  >>> org.hibernate.dialect.Dialect - HHH000511: The 5.5.5 version for [org.hibernate.dialect.MySQLDialect] is no longer supported, hence certain features may not work properly. The minimum supported version is 8.0.0. Check the community dialects project for available legacy versions.
2026-05-26 11:15:13.900 [main] INFO  >>> o.hibernate.orm.connections.pooling - HHH10001005: Database info:
	Database JDBC URL [Connecting through datasource 'HikariDataSource (HikariPool-1)']
	Database driver: undefined/unknown
	Database version: 5.5.5
	Autocommit mode: undefined/unknown
	Isolation level: undefined/unknown
	Minimum pool size: undefined/unknown
	Maximum pool size: undefined/unknown
2026-05-26 11:15:14.825 [main] INFO  >>> o.h.e.t.j.p.i.JtaPlatformInitiator - HHH000489: No JTA platform available (set 'hibernate.transaction.jta.platform' to enable JTA platform integration)
2026-05-26 11:15:14.828 [main] INFO  >>> o.s.o.j.LocalContainerEntityManagerFactoryBean - Initialized JPA EntityManagerFactory for persistence unit 'default'
2026-05-26 11:15:15.147 [main] INFO  >>> o.s.d.j.r.query.QueryEnhancerFactory - Hibernate is in classpath; If applicable, HQL parser will be used.
2026-05-26 11:15:15.579 [main] INFO  >>> o.s.s.c.a.a.c.InitializeUserDetailsBeanManagerConfigurer$InitializeUserDetailsManagerConfigurer - Global AuthenticationManager configured with UserDetailsService bean with name usuarioService
2026-05-26 11:15:17.227 [main] INFO  >>> o.a.coyote.http11.Http11NioProtocol - Starting ProtocolHandler ["http-nio-8080"]
2026-05-26 11:15:17.247 [main] INFO  >>> o.s.b.w.e.tomcat.TomcatWebServer - Tomcat started on port 8080 (http) with context path '/'
2026-05-26 11:15:17.260 [main] INFO  >>> b.i.p.Produto12026Application - Started Produto12026Application in 7.374 seconds (process running for 8.102)
2026-05-26 11:15:17.359 [main] WARN  >>> o.s.c.events.SpringDocAppInitializer - SpringDoc /api-docs endpoint is enabled by default. To disable it in production, set the property 'springdoc.api-docs.enabled=false'
2026-05-26 11:15:17.359 [main] WARN  >>> o.s.c.events.SpringDocAppInitializer - SpringDoc /swagger-ui.html endpoint is enabled by default. To disable it in production, set the property 'springdoc.swagger-ui.enabled=false'
2026-05-26 11:16:20.348 [SpringApplicationShutdownHook] INFO  >>> o.s.b.w.e.tomcat.GracefulShutdown - Commencing graceful shutdown. Waiting for active requests to complete
2026-05-26 11:16:20.352 [tomcat-shutdown] INFO  >>> o.s.b.w.e.tomcat.GracefulShutdown - Graceful shutdown complete
2026-05-26 11:16:20.358 [SpringApplicationShutdownHook] INFO  >>> o.s.o.j.LocalContainerEntityManagerFactoryBean - Closing JPA EntityManagerFactory for persistence unit 'default'
2026-05-26 11:16:20.359 [SpringApplicationShutdownHook] INFO  >>> com.zaxxer.hikari.HikariDataSource - HikariPool-1 - Shutdown initiated...
2026-05-26 11:16:20.365 [SpringApplicationShutdownHook] INFO  >>> com.zaxxer.hikari.HikariDataSource - HikariPool-1 - Shutdown completed.
2026-05-26 11:16:22.731 [background-preinit] INFO  >>> o.h.validator.internal.util.Version - HV000001: Hibernate Validator 8.0.3.Final
2026-05-26 11:16:22.769 [main] INFO  >>> b.i.p.Produto12026Application - Starting Produto12026Application using Java 25.0.2 with PID 23344 (C:\Users\kauan\Documents\Trabalhos IF\Atvs_BackEnd\produto1-2026\target\classes started by kauan in C:\Users\kauan\Documents\Trabalhos IF\Atvs_BackEnd\produto1-2026)
2026-05-26 11:16:22.770 [main] INFO  >>> b.i.p.Produto12026Application - The following 1 profile is active: "dev"
2026-05-26 11:16:23.604 [main] INFO  >>> o.s.d.r.c.RepositoryConfigurationDelegate - Bootstrapping Spring Data JPA repositories in DEFAULT mode.
2026-05-26 11:16:23.662 [main] INFO  >>> o.s.d.r.c.RepositoryConfigurationDelegate - Finished Spring Data repository scanning in 50 ms. Found 4 JPA repository interfaces.
2026-05-26 11:16:24.168 [main] INFO  >>> o.s.b.w.e.tomcat.TomcatWebServer - Tomcat initialized with port 8080 (http)
2026-05-26 11:16:24.194 [main] INFO  >>> o.a.coyote.http11.Http11NioProtocol - Initializing ProtocolHandler ["http-nio-8080"]
2026-05-26 11:16:24.196 [main] INFO  >>> o.a.catalina.core.StandardService - Starting service [Tomcat]
2026-05-26 11:16:24.196 [main] INFO  >>> o.a.catalina.core.StandardEngine - Starting Servlet engine: [Apache Tomcat/10.1.52]
2026-05-26 11:16:24.281 [main] INFO  >>> o.a.c.c.C.[Tomcat].[localhost].[/] - Initializing Spring embedded WebApplicationContext
2026-05-26 11:16:24.281 [main] INFO  >>> o.s.b.w.s.c.ServletWebServerApplicationContext - Root WebApplicationContext: initialization completed in 1474 ms
2026-05-26 11:16:24.564 [main] INFO  >>> com.zaxxer.hikari.HikariDataSource - HikariPool-1 - Starting...
2026-05-26 11:16:24.735 [main] INFO  >>> com.zaxxer.hikari.pool.HikariPool - HikariPool-1 - Added connection com.mysql.cj.jdbc.ConnectionImpl@70cf7d1e
2026-05-26 11:16:24.736 [main] INFO  >>> com.zaxxer.hikari.HikariDataSource - HikariPool-1 - Start completed.
2026-05-26 11:16:24.848 [main] INFO  >>> org.flywaydb.core.FlywayExecutor - Database: jdbc:mysql://localhost:3306/products?createDatabaseIfNotExist=true&allowPublicKeyRetrieval=true&useSSL=false&useTimezone=true&serverTimezone=UTC (MySQL 5.5)
2026-05-26 11:16:24.892 [main] INFO  >>> o.f.c.i.s.JdbcTableSchemaHistory - Schema history table `products`.`flyway_schema_history` does not exist yet
2026-05-26 11:16:24.895 [main] INFO  >>> o.f.core.internal.command.DbValidate - Successfully validated 2 migrations (execution time 00:00.024s)
2026-05-26 11:16:24.970 [main] INFO  >>> org.flywaydb.core.Flyway - All configured schemas are empty; baseline operation skipped. A baseline or migration script with a lower version than the baseline version may execute if available. Check the Schemas parameter if this is not intended.
2026-05-26 11:16:24.975 [main] INFO  >>> o.f.c.i.s.JdbcTableSchemaHistory - Creating Schema History table `products`.`flyway_schema_history` ...
2026-05-26 11:16:25.095 [main] INFO  >>> o.f.core.internal.command.DbMigrate - Current version of schema `products`: << Empty Schema >>
2026-05-26 11:16:25.095 [main] WARN  >>> o.f.core.internal.command.DbMigrate - outOfOrder mode is active. Migration of schema `products` may not be reproducible.
2026-05-26 11:16:25.104 [main] INFO  >>> o.f.core.internal.command.DbMigrate - Migrating schema `products` to version "1 - criacao do bd"
2026-05-26 11:16:25.109 [main] WARN  >>> o.f.c.i.s.DefaultSqlScriptExecutor - DB: Can't create database 'products'; database exists (SQL State: HY000 - Error Code: 1007)
2026-05-26 11:16:25.164 [main] INFO  >>> o.f.core.internal.command.DbMigrate - Migrating schema `products` to version "2 - criando tabelas do bd"
2026-05-26 11:16:26.756 [main] INFO  >>> o.f.core.internal.command.DbMigrate - Successfully applied 2 migrations to schema `products`, now at version v2 (execution time 00:01.588s)
2026-05-26 11:16:26.827 [main] INFO  >>> o.h.jpa.internal.util.LogHelper - HHH000204: Processing PersistenceUnitInfo [name: default]
2026-05-26 11:16:26.881 [main] INFO  >>> org.hibernate.Version - HHH000412: Hibernate ORM core version 6.6.42.Final
2026-05-26 11:16:26.920 [main] INFO  >>> o.h.c.i.RegionFactoryInitiator - HHH000026: Second-level cache disabled
2026-05-26 11:16:27.146 [main] INFO  >>> o.s.o.j.p.SpringPersistenceUnitInfo - No LoadTimeWeaver setup: ignoring JPA class transformer
2026-05-26 11:16:27.190 [main] WARN  >>> org.hibernate.dialect.Dialect - HHH000511: The 5.5.5 version for [org.hibernate.dialect.MySQLDialect] is no longer supported, hence certain features may not work properly. The minimum supported version is 8.0.0. Check the community dialects project for available legacy versions.
2026-05-26 11:16:27.202 [main] INFO  >>> o.hibernate.orm.connections.pooling - HHH10001005: Database info:
	Database JDBC URL [Connecting through datasource 'HikariDataSource (HikariPool-1)']
	Database driver: undefined/unknown
	Database version: 5.5.5
	Autocommit mode: undefined/unknown
	Isolation level: undefined/unknown
	Minimum pool size: undefined/unknown
	Maximum pool size: undefined/unknown
2026-05-26 11:16:28.055 [main] INFO  >>> o.h.e.t.j.p.i.JtaPlatformInitiator - HHH000489: No JTA platform available (set 'hibernate.transaction.jta.platform' to enable JTA platform integration)
2026-05-26 11:16:28.071 [main] INFO  >>> o.s.o.j.LocalContainerEntityManagerFactoryBean - Initialized JPA EntityManagerFactory for persistence unit 'default'
2026-05-26 11:16:28.284 [main] INFO  >>> o.s.d.j.r.query.QueryEnhancerFactory - Hibernate is in classpath; If applicable, HQL parser will be used.
2026-05-26 11:16:28.781 [main] INFO  >>> o.s.s.c.a.a.c.InitializeUserDetailsBeanManagerConfigurer$InitializeUserDetailsManagerConfigurer - Global AuthenticationManager configured with UserDetailsService bean with name usuarioService
2026-05-26 11:16:29.936 [main] INFO  >>> o.a.coyote.http11.Http11NioProtocol - Starting ProtocolHandler ["http-nio-8080"]
2026-05-26 11:16:29.950 [main] INFO  >>> o.s.b.w.e.tomcat.TomcatWebServer - Tomcat started on port 8080 (http) with context path '/'
2026-05-26 11:16:29.958 [main] INFO  >>> b.i.p.Produto12026Application - Started Produto12026Application in 7.788 seconds (process running for 8.703)
2026-05-26 11:16:30.034 [main] WARN  >>> o.s.c.events.SpringDocAppInitializer - SpringDoc /api-docs endpoint is enabled by default. To disable it in production, set the property 'springdoc.api-docs.enabled=false'
2026-05-26 11:16:30.034 [main] WARN  >>> o.s.c.events.SpringDocAppInitializer - SpringDoc /swagger-ui.html endpoint is enabled by default. To disable it in production, set the property 'springdoc.swagger-ui.enabled=false'
2026-05-26 11:37:48.007 [SpringApplicationShutdownHook] INFO  >>> o.s.b.w.e.tomcat.GracefulShutdown - Commencing graceful shutdown. Waiting for active requests to complete
2026-05-26 11:37:48.015 [tomcat-shutdown] INFO  >>> o.s.b.w.e.tomcat.GracefulShutdown - Graceful shutdown complete
2026-05-26 11:37:48.022 [SpringApplicationShutdownHook] INFO  >>> o.s.o.j.LocalContainerEntityManagerFactoryBean - Closing JPA EntityManagerFactory for persistence unit 'default'
2026-05-26 11:37:48.026 [SpringApplicationShutdownHook] INFO  >>> com.zaxxer.hikari.HikariDataSource - HikariPool-1 - Shutdown initiated...
2026-05-26 11:37:48.034 [SpringApplicationShutdownHook] INFO  >>> com.zaxxer.hikari.HikariDataSource - HikariPool-1 - Shutdown completed.
