2026-06-02 10:10:40.921 [background-preinit] INFO  >>> o.h.validator.internal.util.Version - HV000001: Hibernate Validator 8.0.3.Final
2026-06-02 10:10:40.975 [main] INFO  >>> b.i.p.Produto12026Application - Starting Produto12026Application using Java 25.0.2 with PID 2368 (C:\Users\kauan\Documents\Trabalhos IF\Atvs_BackEnd\produto1-2026\target\classes started by kauan in C:\Users\kauan\Documents\Trabalhos IF\Atvs_BackEnd\produto1-2026)
2026-06-02 10:10:40.976 [main] INFO  >>> b.i.p.Produto12026Application - The following 1 profile is active: "test"
2026-06-02 10:10:42.624 [main] INFO  >>> o.a.coyote.http11.Http11NioProtocol - Initializing ProtocolHandler ["http-nio-8080"]
2026-06-02 10:10:42.625 [main] INFO  >>> o.a.catalina.core.StandardService - Starting service [Tomcat]
2026-06-02 10:10:42.625 [main] INFO  >>> o.a.catalina.core.StandardEngine - Starting Servlet engine: [Apache Tomcat/10.1.52]
2026-06-02 10:10:42.692 [main] INFO  >>> o.a.c.c.C.[Tomcat].[localhost].[/] - Initializing Spring embedded WebApplicationContext
2026-06-02 10:10:42.968 [main] INFO  >>> com.zaxxer.hikari.HikariDataSource - HikariPool-1 - Starting...
2026-06-02 10:10:43.139 [main] INFO  >>> com.zaxxer.hikari.pool.HikariPool - HikariPool-1 - Added connection conn0: url=jdbc:h2:mem:testbd user=SA
2026-06-02 10:10:43.140 [main] INFO  >>> com.zaxxer.hikari.HikariDataSource - HikariPool-1 - Start completed.
2026-06-02 10:10:43.181 [main] INFO  >>> org.flywaydb.core.FlywayExecutor - Database: jdbc:h2:mem:testbd (H2 2.3)
2026-06-02 10:10:43.212 [main] INFO  >>> o.f.c.internal.database.base.Schema - Creating schema "products" ...
2026-06-02 10:10:43.215 [main] INFO  >>> o.f.c.i.s.JdbcTableSchemaHistory - Creating Schema History table "products"."flyway_schema_history" ...
2026-06-02 10:10:43.244 [main] INFO  >>> o.f.core.internal.command.DbMigrate - Current version of schema "products": null
2026-06-02 10:10:43.244 [main] WARN  >>> o.f.core.internal.command.DbMigrate - outOfOrder mode is active. Migration of schema "products" may not be reproducible.
2026-06-02 10:10:43.249 [main] INFO  >>> o.f.core.internal.command.DbMigrate - Migrating schema "products" to version "1 - criacao do bd"
2026-06-02 10:10:43.258 [main] INFO  >>> o.f.core.internal.command.DbMigrate - Migrating schema "products" to version "2 - criando tabelas do bd"
2026-06-02 10:10:43.280 [main] INFO  >>> o.f.core.internal.command.DbMigrate - Migrating schema "products" to version "5 - criando tabela recover pw"
2026-06-02 10:10:43.284 [main] INFO  >>> o.f.core.internal.command.DbMigrate - Migrating schema "products" to version "6 - ajustando perfil para nome"
2026-06-02 10:10:43.296 [main] INFO  >>> o.f.core.internal.command.DbMigrate - Successfully applied 4 migrations to schema "products", now at version v6 (execution time 00:00.027s)
2026-06-02 10:10:43.370 [main] INFO  >>> o.h.jpa.internal.util.LogHelper - HHH000204: Processing PersistenceUnitInfo [name: default]
2026-06-02 10:10:43.437 [main] INFO  >>> org.hibernate.Version - HHH000412: Hibernate ORM core version 6.6.42.Final
2026-06-02 10:10:43.483 [main] INFO  >>> o.h.c.i.RegionFactoryInitiator - HHH000026: Second-level cache disabled
2026-06-02 10:10:43.848 [main] INFO  >>> o.hibernate.orm.connections.pooling - HHH10001005: Database info:
	Database JDBC URL [Connecting through datasource 'HikariDataSource (HikariPool-1)']
	Database driver: undefined/unknown
	Database version: 2.3.232
	Autocommit mode: undefined/unknown
	Isolation level: undefined/unknown
	Minimum pool size: undefined/unknown
	Maximum pool size: undefined/unknown
2026-06-02 10:10:44.890 [main] INFO  >>> o.h.e.t.j.p.i.JtaPlatformInitiator - HHH000489: No JTA platform available (set 'hibernate.transaction.jta.platform' to enable JTA platform integration)
2026-06-02 10:10:47.595 [main] INFO  >>> o.a.coyote.http11.Http11NioProtocol - Starting ProtocolHandler ["http-nio-8080"]
2026-06-02 10:10:47.614 [main] INFO  >>> b.i.p.Produto12026Application - Started Produto12026Application in 7.198 seconds (process running for 10.778)
2026-06-02 10:10:47.682 [main] WARN  >>> o.s.c.events.SpringDocAppInitializer - SpringDoc /api-docs endpoint is enabled by default. To disable it in production, set the property 'springdoc.api-docs.enabled=false'
2026-06-02 10:10:47.683 [main] WARN  >>> o.s.c.events.SpringDocAppInitializer - SpringDoc /swagger-ui.html endpoint is enabled by default. To disable it in production, set the property 'springdoc.swagger-ui.enabled=false'
2026-06-02 10:10:49.992 [SpringApplicationShutdownHook] INFO  >>> com.zaxxer.hikari.HikariDataSource - HikariPool-1 - Shutdown initiated...
2026-06-02 10:10:49.994 [SpringApplicationShutdownHook] INFO  >>> com.zaxxer.hikari.HikariDataSource - HikariPool-1 - Shutdown completed.
2026-06-02 10:10:55.569 [background-preinit] INFO  >>> o.h.validator.internal.util.Version - HV000001: Hibernate Validator 8.0.3.Final
2026-06-02 10:10:55.602 [main] INFO  >>> b.i.p.Produto12026Application - Starting Produto12026Application using Java 25.0.2 with PID 23548 (C:\Users\kauan\Documents\Trabalhos IF\Atvs_BackEnd\produto1-2026\target\classes started by kauan in C:\Users\kauan\Documents\Trabalhos IF\Atvs_BackEnd\produto1-2026)
2026-06-02 10:10:55.602 [main] INFO  >>> b.i.p.Produto12026Application - The following 1 profile is active: "dev"
2026-06-02 10:10:56.280 [main] INFO  >>> o.s.d.r.c.RepositoryConfigurationDelegate - Bootstrapping Spring Data JPA repositories in DEFAULT mode.
2026-06-02 10:10:56.331 [main] INFO  >>> o.s.d.r.c.RepositoryConfigurationDelegate - Finished Spring Data repository scanning in 44 ms. Found 5 JPA repository interfaces.
2026-06-02 10:10:56.762 [main] INFO  >>> o.s.b.w.e.tomcat.TomcatWebServer - Tomcat initialized with port 8080 (http)
2026-06-02 10:10:56.783 [main] INFO  >>> o.a.coyote.http11.Http11NioProtocol - Initializing ProtocolHandler ["http-nio-8080"]
2026-06-02 10:10:56.784 [main] INFO  >>> o.a.catalina.core.StandardService - Starting service [Tomcat]
2026-06-02 10:10:56.784 [main] INFO  >>> o.a.catalina.core.StandardEngine - Starting Servlet engine: [Apache Tomcat/10.1.52]
2026-06-02 10:10:56.843 [main] INFO  >>> o.a.c.c.C.[Tomcat].[localhost].[/] - Initializing Spring embedded WebApplicationContext
2026-06-02 10:10:56.844 [main] INFO  >>> o.s.b.w.s.c.ServletWebServerApplicationContext - Root WebApplicationContext: initialization completed in 1207 ms
2026-06-02 10:10:57.075 [main] INFO  >>> com.zaxxer.hikari.HikariDataSource - HikariPool-1 - Starting...
2026-06-02 10:10:58.169 [main] WARN  >>> o.s.b.w.s.c.AnnotationConfigServletWebServerApplicationContext - Exception encountered during context initialization - cancelling refresh attempt: org.springframework.beans.factory.BeanCreationException: Error creating bean with name 'entityManagerFactory' defined in class path resource [org/springframework/boot/autoconfigure/orm/jpa/HibernateJpaConfiguration.class]: Failed to initialize dependency 'flywayInitializer' of LoadTimeWeaverAware bean 'entityManagerFactory': Error creating bean with name 'flywayInitializer' defined in class path resource [org/springframework/boot/autoconfigure/flyway/FlywayAutoConfiguration$FlywayConfiguration.class]: Unable to obtain connection from database: Communications link failure

The last packet sent successfully to the server was 0 milliseconds ago. The driver has not received any packets from the server.
--------------------------------------------------------------------------------------------------------------------------------------------------------------------------------------------------------
SQL State  : 08S01
Error Code : 0
Message    : Communications link failure

The last packet sent successfully to the server was 0 milliseconds ago. The driver has not received any packets from the server.

2026-06-02 10:10:58.171 [main] INFO  >>> o.a.catalina.core.StandardService - Stopping service [Tomcat]
2026-06-02 10:10:58.179 [main] INFO  >>> o.s.b.a.l.ConditionEvaluationReportLogger - 

Error starting ApplicationContext. To display the condition evaluation report re-run your application with 'debug' enabled.
2026-06-02 10:10:58.205 [main] ERROR >>> o.s.boot.SpringApplication - Application run failed
org.springframework.beans.factory.BeanCreationException: Error creating bean with name 'entityManagerFactory' defined in class path resource [org/springframework/boot/autoconfigure/orm/jpa/HibernateJpaConfiguration.class]: Failed to initialize dependency 'flywayInitializer' of LoadTimeWeaverAware bean 'entityManagerFactory': Error creating bean with name 'flywayInitializer' defined in class path resource [org/springframework/boot/autoconfigure/flyway/FlywayAutoConfiguration$FlywayConfiguration.class]: Unable to obtain connection from database: Communications link failure

The last packet sent successfully to the server was 0 milliseconds ago. The driver has not received any packets from the server.
--------------------------------------------------------------------------------------------------------------------------------------------------------------------------------------------------------
SQL State  : 08S01
Error Code : 0
Message    : Communications link failure

The last packet sent successfully to the server was 0 milliseconds ago. The driver has not received any packets from the server.

	at org.springframework.beans.factory.support.AbstractBeanFactory.doGetBean(AbstractBeanFactory.java:328)
	at org.springframework.beans.factory.support.AbstractBeanFactory.getBean(AbstractBeanFactory.java:207)
	at org.springframework.context.support.AbstractApplicationContext.finishBeanFactoryInitialization(AbstractApplicationContext.java:974)
	at org.springframework.context.support.AbstractApplicationContext.refresh(AbstractApplicationContext.java:628)
	at org.springframework.boot.web.servlet.context.ServletWebServerApplicationContext.refresh(ServletWebServerApplicationContext.java:146)
	at org.springframework.boot.SpringApplication.refresh(SpringApplication.java:752)
	at org.springframework.boot.SpringApplication.refreshContext(SpringApplication.java:439)
	at org.springframework.boot.SpringApplication.run(SpringApplication.java:318)
	at org.springframework.boot.SpringApplication.run(SpringApplication.java:1361)
	at org.springframework.boot.SpringApplication.run(SpringApplication.java:1350)
	at br.ifmg.produto1_2026.Produto12026Application.main(Produto12026Application.java:17)
Caused by: org.springframework.beans.factory.BeanCreationException: Error creating bean with name 'flywayInitializer' defined in class path resource [org/springframework/boot/autoconfigure/flyway/FlywayAutoConfiguration$FlywayConfiguration.class]: Unable to obtain connection from database: Communications link failure

The last packet sent successfully to the server was 0 milliseconds ago. The driver has not received any packets from the server.
--------------------------------------------------------------------------------------------------------------------------------------------------------------------------------------------------------
SQL State  : 08S01
Error Code : 0
Message    : Communications link failure

The last packet sent successfully to the server was 0 milliseconds ago. The driver has not received any packets from the server.

	at org.springframework.beans.factory.support.AbstractAutowireCapableBeanFactory.initializeBean(AbstractAutowireCapableBeanFactory.java:1826)
	at org.springframework.beans.factory.support.AbstractAutowireCapableBeanFactory.doCreateBean(AbstractAutowireCapableBeanFactory.java:607)
	at org.springframework.beans.factory.support.AbstractAutowireCapableBeanFactory.createBean(AbstractAutowireCapableBeanFactory.java:529)
	at org.springframework.beans.factory.support.AbstractBeanFactory.lambda$doGetBean$0(AbstractBeanFactory.java:339)
	at org.springframework.beans.factory.support.DefaultSingletonBeanRegistry.getSingleton(DefaultSingletonBeanRegistry.java:373)
	at org.springframework.beans.factory.support.AbstractBeanFactory.doGetBean(AbstractBeanFactory.java:337)
	at org.springframework.beans.factory.support.AbstractBeanFactory.getBean(AbstractBeanFactory.java:202)
	at org.springframework.beans.factory.support.AbstractBeanFactory.doGetBean(AbstractBeanFactory.java:315)
	... 10 common frames omitted
Caused by: org.flywaydb.core.internal.exception.FlywaySqlException: Unable to obtain connection from database: Communications link failure

The last packet sent successfully to the server was 0 milliseconds ago. The driver has not received any packets from the server.
--------------------------------------------------------------------------------------------------------------------------------------------------------------------------------------------------------
SQL State  : 08S01
Error Code : 0
Message    : Communications link failure

The last packet sent successfully to the server was 0 milliseconds ago. The driver has not received any packets from the server.

	at org.flywaydb.core.internal.jdbc.JdbcUtils.openConnection(JdbcUtils.java:71)
	at org.flywaydb.core.internal.jdbc.JdbcConnectionFactory.<init>(JdbcConnectionFactory.java:76)
	at org.flywaydb.core.FlywayExecutor.execute(FlywayExecutor.java:136)
	at org.flywaydb.core.Flyway.migrate(Flyway.java:188)
	at org.springframework.boot.autoconfigure.flyway.FlywayMigrationInitializer.afterPropertiesSet(FlywayMigrationInitializer.java:66)
	at org.springframework.beans.factory.support.AbstractAutowireCapableBeanFactory.invokeInitMethods(AbstractAutowireCapableBeanFactory.java:1873)
	at org.springframework.beans.factory.support.AbstractAutowireCapableBeanFactory.initializeBean(AbstractAutowireCapableBeanFactory.java:1822)
	... 17 common frames omitted
Caused by: com.mysql.cj.jdbc.exceptions.CommunicationsException: Communications link failure

The last packet sent successfully to the server was 0 milliseconds ago. The driver has not received any packets from the server.
	at com.mysql.cj.jdbc.exceptions.SQLError.createCommunicationsException(SQLError.java:165)
	at com.mysql.cj.jdbc.exceptions.SQLExceptionsMapping.translateException(SQLExceptionsMapping.java:55)
	at com.mysql.cj.jdbc.ConnectionImpl.createNewIO(ConnectionImpl.java:840)
	at com.mysql.cj.jdbc.ConnectionImpl.<init>(ConnectionImpl.java:416)
	at com.mysql.cj.jdbc.ConnectionImpl.getInstance(ConnectionImpl.java:237)
	at com.mysql.cj.jdbc.NonRegisteringDriver.connect(NonRegisteringDriver.java:180)
	at com.zaxxer.hikari.util.DriverDataSource.getConnection(DriverDataSource.java:144)
	at com.zaxxer.hikari.pool.PoolBase.newConnection(PoolBase.java:370)
	at com.zaxxer.hikari.pool.PoolBase.newPoolEntry(PoolBase.java:207)
	at com.zaxxer.hikari.pool.HikariPool.createPoolEntry(HikariPool.java:488)
	at com.zaxxer.hikari.pool.HikariPool.checkFailFast(HikariPool.java:576)
	at com.zaxxer.hikari.pool.HikariPool.<init>(HikariPool.java:97)
	at com.zaxxer.hikari.HikariDataSource.getConnection(HikariDataSource.java:111)
	at org.flywaydb.core.internal.jdbc.JdbcUtils.openConnection(JdbcUtils.java:59)
	... 23 common frames omitted
Caused by: com.mysql.cj.exceptions.CJCommunicationsException: Communications link failure

The last packet sent successfully to the server was 0 milliseconds ago. The driver has not received any packets from the server.
	at java.base/jdk.internal.reflect.DirectConstructorHandleAccessor.newInstance(DirectConstructorHandleAccessor.java:62)
	at java.base/java.lang.reflect.Constructor.newInstanceWithCaller(Constructor.java:499)
	at java.base/java.lang.reflect.Constructor.newInstance(Constructor.java:483)
	at com.mysql.cj.exceptions.ExceptionFactory.createException(ExceptionFactory.java:52)
	at com.mysql.cj.exceptions.ExceptionFactory.createException(ExceptionFactory.java:95)
	at com.mysql.cj.exceptions.ExceptionFactory.createException(ExceptionFactory.java:140)
	at com.mysql.cj.exceptions.ExceptionFactory.createCommunicationsException(ExceptionFactory.java:156)
	at com.mysql.cj.protocol.a.NativeSocketConnection.connect(NativeSocketConnection.java:79)
	at com.mysql.cj.NativeSession.connect(NativeSession.java:142)
	at com.mysql.cj.jdbc.ConnectionImpl.connectOneTryOnly(ConnectionImpl.java:964)
	at com.mysql.cj.jdbc.ConnectionImpl.createNewIO(ConnectionImpl.java:828)
	... 34 common frames omitted
Caused by: java.net.ConnectException: Connection refused: getsockopt
	at java.base/sun.nio.ch.Net.pollConnect(Native Method)
	at java.base/sun.nio.ch.Net.pollConnectNow(Net.java:639)
	at java.base/sun.nio.ch.NioSocketImpl.timedFinishConnect(NioSocketImpl.java:543)
	at java.base/sun.nio.ch.NioSocketImpl.connect(NioSocketImpl.java:594)
	at java.base/java.net.SocksSocketImpl.connect(SocksSocketImpl.java:284)
	at java.base/java.net.Socket.connect(Socket.java:659)
	at com.mysql.cj.protocol.StandardSocketFactory.connect(StandardSocketFactory.java:144)
	at com.mysql.cj.protocol.a.NativeSocketConnection.connect(NativeSocketConnection.java:53)
	... 37 common frames omitted
2026-06-02 10:12:34.290 [background-preinit] INFO  >>> o.h.validator.internal.util.Version - HV000001: Hibernate Validator 8.0.3.Final
2026-06-02 10:12:34.324 [main] INFO  >>> b.i.p.Produto12026Application - Starting Produto12026Application using Java 25.0.2 with PID 21476 (C:\Users\kauan\Documents\Trabalhos IF\Atvs_BackEnd\produto1-2026\target\classes started by kauan in C:\Users\kauan\Documents\Trabalhos IF\Atvs_BackEnd\produto1-2026)
2026-06-02 10:12:34.325 [main] INFO  >>> b.i.p.Produto12026Application - The following 1 profile is active: "dev"
2026-06-02 10:12:34.989 [main] INFO  >>> o.s.d.r.c.RepositoryConfigurationDelegate - Bootstrapping Spring Data JPA repositories in DEFAULT mode.
2026-06-02 10:12:35.045 [main] INFO  >>> o.s.d.r.c.RepositoryConfigurationDelegate - Finished Spring Data repository scanning in 49 ms. Found 5 JPA repository interfaces.
2026-06-02 10:12:35.475 [main] INFO  >>> o.s.b.w.e.tomcat.TomcatWebServer - Tomcat initialized with port 8080 (http)
2026-06-02 10:12:35.496 [main] INFO  >>> o.a.coyote.http11.Http11NioProtocol - Initializing ProtocolHandler ["http-nio-8080"]
2026-06-02 10:12:35.498 [main] INFO  >>> o.a.catalina.core.StandardService - Starting service [Tomcat]
2026-06-02 10:12:35.498 [main] INFO  >>> o.a.catalina.core.StandardEngine - Starting Servlet engine: [Apache Tomcat/10.1.52]
2026-06-02 10:12:35.561 [main] INFO  >>> o.a.c.c.C.[Tomcat].[localhost].[/] - Initializing Spring embedded WebApplicationContext
2026-06-02 10:12:35.561 [main] INFO  >>> o.s.b.w.s.c.ServletWebServerApplicationContext - Root WebApplicationContext: initialization completed in 1204 ms
2026-06-02 10:12:35.777 [main] INFO  >>> com.zaxxer.hikari.HikariDataSource - HikariPool-1 - Starting...
2026-06-02 10:12:35.909 [main] INFO  >>> com.zaxxer.hikari.pool.HikariPool - HikariPool-1 - Added connection com.mysql.cj.jdbc.ConnectionImpl@b0d3e7
2026-06-02 10:12:35.910 [main] INFO  >>> com.zaxxer.hikari.HikariDataSource - HikariPool-1 - Start completed.
2026-06-02 10:12:35.967 [main] INFO  >>> org.flywaydb.core.FlywayExecutor - Database: jdbc:mysql://localhost:3306/products?createDatabaseIfNotExist=true&allowPublicKeyRetrieval=true&useSSL=false&useTimezone=true&serverTimezone=UTC (MySQL 5.5)
2026-06-02 10:12:36.047 [main] INFO  >>> o.f.core.internal.command.DbValidate - Successfully validated 4 migrations (execution time 00:00.065s)
2026-06-02 10:12:36.058 [main] INFO  >>> o.f.core.internal.command.DbMigrate - Current version of schema `products`: 6
2026-06-02 10:12:36.058 [main] WARN  >>> o.f.core.internal.command.DbMigrate - outOfOrder mode is active. Migration of schema `products` may not be reproducible.
2026-06-02 10:12:36.060 [main] INFO  >>> o.f.core.internal.command.DbMigrate - Schema `products` is up to date. No migration necessary.
2026-06-02 10:12:36.117 [main] INFO  >>> o.h.jpa.internal.util.LogHelper - HHH000204: Processing PersistenceUnitInfo [name: default]
2026-06-02 10:12:36.153 [main] INFO  >>> org.hibernate.Version - HHH000412: Hibernate ORM core version 6.6.42.Final
2026-06-02 10:12:36.176 [main] INFO  >>> o.h.c.i.RegionFactoryInitiator - HHH000026: Second-level cache disabled
2026-06-02 10:12:36.391 [main] INFO  >>> o.s.o.j.p.SpringPersistenceUnitInfo - No LoadTimeWeaver setup: ignoring JPA class transformer
2026-06-02 10:12:36.439 [main] WARN  >>> org.hibernate.dialect.Dialect - HHH000511: The 5.5.5 version for [org.hibernate.dialect.MySQLDialect] is no longer supported, hence certain features may not work properly. The minimum supported version is 8.0.0. Check the community dialects project for available legacy versions.
2026-06-02 10:12:36.449 [main] INFO  >>> o.hibernate.orm.connections.pooling - HHH10001005: Database info:
	Database JDBC URL [Connecting through datasource 'HikariDataSource (HikariPool-1)']
	Database driver: undefined/unknown
	Database version: 5.5.5
	Autocommit mode: undefined/unknown
	Isolation level: undefined/unknown
	Minimum pool size: undefined/unknown
	Maximum pool size: undefined/unknown
2026-06-02 10:12:37.145 [main] INFO  >>> o.h.e.t.j.p.i.JtaPlatformInitiator - HHH000489: No JTA platform available (set 'hibernate.transaction.jta.platform' to enable JTA platform integration)
2026-06-02 10:12:37.161 [main] INFO  >>> o.s.o.j.LocalContainerEntityManagerFactoryBean - Initialized JPA EntityManagerFactory for persistence unit 'default'
2026-06-02 10:12:37.330 [main] INFO  >>> o.s.d.j.r.query.QueryEnhancerFactory - Hibernate is in classpath; If applicable, HQL parser will be used.
2026-06-02 10:12:37.882 [main] INFO  >>> o.s.s.c.a.a.c.InitializeUserDetailsBeanManagerConfigurer$InitializeUserDetailsManagerConfigurer - Global AuthenticationManager configured with UserDetailsService bean with name usuarioService
2026-06-02 10:12:38.878 [main] INFO  >>> o.a.coyote.http11.Http11NioProtocol - Starting ProtocolHandler ["http-nio-8080"]
2026-06-02 10:12:38.892 [main] INFO  >>> o.s.b.w.e.tomcat.TomcatWebServer - Tomcat started on port 8080 (http) with context path '/'
2026-06-02 10:12:38.899 [main] INFO  >>> b.i.p.Produto12026Application - Started Produto12026Application in 5.032 seconds (process running for 5.553)
2026-06-02 10:12:38.969 [main] WARN  >>> o.s.c.events.SpringDocAppInitializer - SpringDoc /api-docs endpoint is enabled by default. To disable it in production, set the property 'springdoc.api-docs.enabled=false'
2026-06-02 10:12:38.969 [main] WARN  >>> o.s.c.events.SpringDocAppInitializer - SpringDoc /swagger-ui.html endpoint is enabled by default. To disable it in production, set the property 'springdoc.swagger-ui.enabled=false'
2026-06-02 10:12:44.603 [SpringApplicationShutdownHook] INFO  >>> o.s.b.w.e.tomcat.GracefulShutdown - Commencing graceful shutdown. Waiting for active requests to complete
2026-06-02 10:12:44.610 [tomcat-shutdown] INFO  >>> o.s.b.w.e.tomcat.GracefulShutdown - Graceful shutdown complete
2026-06-02 10:12:44.617 [SpringApplicationShutdownHook] INFO  >>> o.s.o.j.LocalContainerEntityManagerFactoryBean - Closing JPA EntityManagerFactory for persistence unit 'default'
2026-06-02 10:12:44.620 [SpringApplicationShutdownHook] INFO  >>> com.zaxxer.hikari.HikariDataSource - HikariPool-1 - Shutdown initiated...
2026-06-02 10:12:44.628 [SpringApplicationShutdownHook] INFO  >>> com.zaxxer.hikari.HikariDataSource - HikariPool-1 - Shutdown completed.
2026-06-02 10:23:08.684 [background-preinit] INFO  >>> o.h.validator.internal.util.Version - HV000001: Hibernate Validator 8.0.3.Final
2026-06-02 10:23:08.717 [main] INFO  >>> b.i.p.Produto12026Application - Starting Produto12026Application using Java 25.0.2 with PID 22132 (C:\Users\kauan\Documents\Trabalhos IF\Atvs_BackEnd\produto1-2026\target\classes started by kauan in C:\Users\kauan\Documents\Trabalhos IF\Atvs_BackEnd\produto1-2026)
2026-06-02 10:23:08.718 [main] INFO  >>> b.i.p.Produto12026Application - The following 1 profile is active: "dev"
2026-06-02 10:23:09.406 [main] INFO  >>> o.s.d.r.c.RepositoryConfigurationDelegate - Bootstrapping Spring Data JPA repositories in DEFAULT mode.
2026-06-02 10:23:09.459 [main] INFO  >>> o.s.d.r.c.RepositoryConfigurationDelegate - Finished Spring Data repository scanning in 46 ms. Found 5 JPA repository interfaces.
2026-06-02 10:23:09.900 [main] INFO  >>> o.s.b.w.e.tomcat.TomcatWebServer - Tomcat initialized with port 8080 (http)
2026-06-02 10:23:09.920 [main] INFO  >>> o.a.coyote.http11.Http11NioProtocol - Initializing ProtocolHandler ["http-nio-8080"]
2026-06-02 10:23:09.921 [main] INFO  >>> o.a.catalina.core.StandardService - Starting service [Tomcat]
2026-06-02 10:23:09.921 [main] INFO  >>> o.a.catalina.core.StandardEngine - Starting Servlet engine: [Apache Tomcat/10.1.52]
2026-06-02 10:23:09.980 [main] INFO  >>> o.a.c.c.C.[Tomcat].[localhost].[/] - Initializing Spring embedded WebApplicationContext
2026-06-02 10:23:09.981 [main] INFO  >>> o.s.b.w.s.c.ServletWebServerApplicationContext - Root WebApplicationContext: initialization completed in 1233 ms
2026-06-02 10:23:10.200 [main] INFO  >>> com.zaxxer.hikari.HikariDataSource - HikariPool-1 - Starting...
2026-06-02 10:23:10.322 [main] INFO  >>> com.zaxxer.hikari.pool.HikariPool - HikariPool-1 - Added connection com.mysql.cj.jdbc.ConnectionImpl@1c90029b
2026-06-02 10:23:10.323 [main] INFO  >>> com.zaxxer.hikari.HikariDataSource - HikariPool-1 - Start completed.
2026-06-02 10:23:10.380 [main] INFO  >>> org.flywaydb.core.FlywayExecutor - Database: jdbc:mysql://localhost:3306/products?createDatabaseIfNotExist=true&allowPublicKeyRetrieval=true&useSSL=false&useTimezone=true&serverTimezone=UTC (MySQL 5.5)
2026-06-02 10:23:10.420 [main] INFO  >>> o.f.core.internal.command.DbValidate - Successfully validated 4 migrations (execution time 00:00.025s)
2026-06-02 10:23:10.434 [main] INFO  >>> o.f.core.internal.command.DbMigrate - Current version of schema `products`: 6
2026-06-02 10:23:10.434 [main] WARN  >>> o.f.core.internal.command.DbMigrate - outOfOrder mode is active. Migration of schema `products` may not be reproducible.
2026-06-02 10:23:10.437 [main] INFO  >>> o.f.core.internal.command.DbMigrate - Schema `products` is up to date. No migration necessary.
2026-06-02 10:23:10.502 [main] INFO  >>> o.h.jpa.internal.util.LogHelper - HHH000204: Processing PersistenceUnitInfo [name: default]
2026-06-02 10:23:10.538 [main] INFO  >>> org.hibernate.Version - HHH000412: Hibernate ORM core version 6.6.42.Final
2026-06-02 10:23:10.562 [main] INFO  >>> o.h.c.i.RegionFactoryInitiator - HHH000026: Second-level cache disabled
2026-06-02 10:23:10.767 [main] INFO  >>> o.s.o.j.p.SpringPersistenceUnitInfo - No LoadTimeWeaver setup: ignoring JPA class transformer
2026-06-02 10:23:10.813 [main] WARN  >>> org.hibernate.dialect.Dialect - HHH000511: The 5.5.5 version for [org.hibernate.dialect.MySQLDialect] is no longer supported, hence certain features may not work properly. The minimum supported version is 8.0.0. Check the community dialects project for available legacy versions.
2026-06-02 10:23:10.824 [main] INFO  >>> o.hibernate.orm.connections.pooling - HHH10001005: Database info:
	Database JDBC URL [Connecting through datasource 'HikariDataSource (HikariPool-1)']
	Database driver: undefined/unknown
	Database version: 5.5.5
	Autocommit mode: undefined/unknown
	Isolation level: undefined/unknown
	Minimum pool size: undefined/unknown
	Maximum pool size: undefined/unknown
2026-06-02 10:23:11.511 [main] INFO  >>> o.h.e.t.j.p.i.JtaPlatformInitiator - HHH000489: No JTA platform available (set 'hibernate.transaction.jta.platform' to enable JTA platform integration)
2026-06-02 10:23:11.526 [main] INFO  >>> o.s.o.j.LocalContainerEntityManagerFactoryBean - Initialized JPA EntityManagerFactory for persistence unit 'default'
2026-06-02 10:23:11.798 [main] INFO  >>> o.s.d.j.r.query.QueryEnhancerFactory - Hibernate is in classpath; If applicable, HQL parser will be used.
2026-06-02 10:23:12.317 [main] INFO  >>> o.s.s.c.a.a.c.InitializeUserDetailsBeanManagerConfigurer$InitializeUserDetailsManagerConfigurer - Global AuthenticationManager configured with UserDetailsService bean with name usuarioService
2026-06-02 10:23:13.387 [main] INFO  >>> o.a.coyote.http11.Http11NioProtocol - Starting ProtocolHandler ["http-nio-8080"]
2026-06-02 10:23:13.401 [main] INFO  >>> o.s.b.w.e.tomcat.TomcatWebServer - Tomcat started on port 8080 (http) with context path '/'
2026-06-02 10:23:13.408 [main] INFO  >>> b.i.p.Produto12026Application - Started Produto12026Application in 5.128 seconds (process running for 9.019)
2026-06-02 10:23:13.476 [main] WARN  >>> o.s.c.events.SpringDocAppInitializer - SpringDoc /api-docs endpoint is enabled by default. To disable it in production, set the property 'springdoc.api-docs.enabled=false'
2026-06-02 10:23:13.476 [main] WARN  >>> o.s.c.events.SpringDocAppInitializer - SpringDoc /swagger-ui.html endpoint is enabled by default. To disable it in production, set the property 'springdoc.swagger-ui.enabled=false'
2026-06-02 10:24:08.690 [http-nio-8080-exec-1] INFO  >>> o.a.c.c.C.[Tomcat].[localhost].[/] - Initializing Spring DispatcherServlet 'dispatcherServlet'
2026-06-02 10:24:08.690 [http-nio-8080-exec-1] INFO  >>> o.s.web.servlet.DispatcherServlet - Initializing Servlet 'dispatcherServlet'
2026-06-02 10:24:08.692 [http-nio-8080-exec-1] INFO  >>> o.s.web.servlet.DispatcherServlet - Completed initialization in 2 ms
2026-06-02 10:24:08.715 [http-nio-8080-exec-1] ERROR >>> o.a.c.c.C.[.[.[.[dispatcherServlet] - Servlet.service() for servlet [dispatcherServlet] in context with path [] threw exception
org.springframework.beans.factory.NoSuchBeanDefinitionException: No qualifying bean of type 'org.springframework.boot.autoconfigure.h2.H2ConsoleProperties' available
	at org.springframework.beans.factory.support.DefaultListableBeanFactory.getBean(DefaultListableBeanFactory.java:395)
	at org.springframework.beans.factory.support.DefaultListableBeanFactory.getBean(DefaultListableBeanFactory.java:386)
	at org.springframework.context.support.AbstractApplicationContext.getBean(AbstractApplicationContext.java:1314)
	at org.springframework.boot.security.servlet.ApplicationContextRequestMatcher.getContext(ApplicationContextRequestMatcher.java:79)
	at org.springframework.boot.security.servlet.ApplicationContextRequestMatcher.lambda$matches$0(ApplicationContextRequestMatcher.java:62)
	at org.springframework.boot.autoconfigure.security.servlet.PathRequest$H2ConsoleRequestMatcher.initialized(PathRequest.java:82)
	at org.springframework.boot.security.servlet.ApplicationContextRequestMatcher.matches(ApplicationContextRequestMatcher.java:66)
	at org.springframework.security.web.DefaultSecurityFilterChain.matches(DefaultSecurityFilterChain.java:89)
	at org.springframework.security.web.FilterChainProxy.getFilters(FilterChainProxy.java:248)
	at org.springframework.security.web.FilterChainProxy.doFilterInternal(FilterChainProxy.java:213)
	at org.springframework.security.web.FilterChainProxy.doFilter(FilterChainProxy.java:191)
	at org.springframework.web.filter.CompositeFilter$VirtualFilterChain.doFilter(CompositeFilter.java:113)
	at org.springframework.web.filter.ServletRequestPathFilter.doFilter(ServletRequestPathFilter.java:52)
	at org.springframework.web.filter.CompositeFilter$VirtualFilterChain.doFilter(CompositeFilter.java:113)
	at org.springframework.web.filter.CompositeFilter.doFilter(CompositeFilter.java:74)
	at org.springframework.security.config.annotation.web.configuration.WebSecurityConfiguration$CompositeFilterChainProxy.doFilter(WebSecurityConfiguration.java:319)
	at org.springframework.web.filter.CompositeFilter$VirtualFilterChain.doFilter(CompositeFilter.java:113)
	at org.springframework.web.servlet.handler.HandlerMappingIntrospector.lambda$createCacheFilter$4(HandlerMappingIntrospector.java:267)
	at org.springframework.web.filter.CompositeFilter$VirtualFilterChain.doFilter(CompositeFilter.java:113)
	at org.springframework.web.filter.CompositeFilter.doFilter(CompositeFilter.java:74)
	at org.springframework.security.config.annotation.web.configuration.WebMvcSecurityConfiguration$CompositeFilterChainProxy.doFilter(WebMvcSecurityConfiguration.java:240)
	at org.springframework.web.filter.DelegatingFilterProxy.invokeDelegate(DelegatingFilterProxy.java:362)
	at org.springframework.web.filter.DelegatingFilterProxy.doFilter(DelegatingFilterProxy.java:278)
	at org.apache.catalina.core.ApplicationFilterChain.internalDoFilter(ApplicationFilterChain.java:162)
	at org.apache.catalina.core.ApplicationFilterChain.doFilter(ApplicationFilterChain.java:138)
	at org.springframework.web.filter.RequestContextFilter.doFilterInternal(RequestContextFilter.java:100)
	at org.springframework.web.filter.OncePerRequestFilter.doFilter(OncePerRequestFilter.java:116)
	at org.apache.catalina.core.ApplicationFilterChain.internalDoFilter(ApplicationFilterChain.java:162)
	at org.apache.catalina.core.ApplicationFilterChain.doFilter(ApplicationFilterChain.java:138)
	at org.springframework.web.filter.FormContentFilter.doFilterInternal(FormContentFilter.java:93)
	at org.springframework.web.filter.OncePerRequestFilter.doFilter(OncePerRequestFilter.java:116)
	at org.apache.catalina.core.ApplicationFilterChain.internalDoFilter(ApplicationFilterChain.java:162)
	at org.apache.catalina.core.ApplicationFilterChain.doFilter(ApplicationFilterChain.java:138)
	at org.springframework.web.filter.CharacterEncodingFilter.doFilterInternal(CharacterEncodingFilter.java:201)
	at org.springframework.web.filter.OncePerRequestFilter.doFilter(OncePerRequestFilter.java:116)
	at org.apache.catalina.core.ApplicationFilterChain.internalDoFilter(ApplicationFilterChain.java:162)
	at org.apache.catalina.core.ApplicationFilterChain.doFilter(ApplicationFilterChain.java:138)
	at org.springframework.web.filter.CorsFilter.doFilterInternal(CorsFilter.java:91)
	at org.springframework.web.filter.OncePerRequestFilter.doFilter(OncePerRequestFilter.java:116)
	at org.apache.catalina.core.ApplicationFilterChain.internalDoFilter(ApplicationFilterChain.java:162)
	at org.apache.catalina.core.ApplicationFilterChain.doFilter(ApplicationFilterChain.java:138)
	at org.apache.catalina.core.StandardWrapperValve.invoke(StandardWrapperValve.java:165)
	at org.apache.catalina.core.StandardContextValve.invoke(StandardContextValve.java:88)
	at org.apache.catalina.authenticator.AuthenticatorBase.invoke(AuthenticatorBase.java:492)
	at org.apache.catalina.core.StandardHostValve.invoke(StandardHostValve.java:113)
	at org.apache.catalina.valves.ErrorReportValve.invoke(ErrorReportValve.java:83)
	at org.apache.catalina.core.StandardEngineValve.invoke(StandardEngineValve.java:72)
	at org.apache.catalina.connector.CoyoteAdapter.service(CoyoteAdapter.java:342)
	at org.apache.coyote.http11.Http11Processor.service(Http11Processor.java:399)
	at org.apache.coyote.AbstractProcessorLight.process(AbstractProcessorLight.java:63)
	at org.apache.coyote.AbstractProtocol$ConnectionHandler.process(AbstractProtocol.java:903)
	at org.apache.tomcat.util.net.NioEndpoint$SocketProcessor.doRun(NioEndpoint.java:1775)
	at org.apache.tomcat.util.net.SocketProcessorBase.run(SocketProcessorBase.java:52)
	at org.apache.tomcat.util.threads.ThreadPoolExecutor.runWorker(ThreadPoolExecutor.java:973)
	at org.apache.tomcat.util.threads.ThreadPoolExecutor$Worker.run(ThreadPoolExecutor.java:491)
	at org.apache.tomcat.util.threads.TaskThread$WrappingRunnable.run(TaskThread.java:63)
	at java.base/java.lang.Thread.run(Thread.java:1474)
2026-06-02 10:24:08.726 [http-nio-8080-exec-1] ERROR >>> o.a.c.c.C.[.[.[.[dispatcherServlet] - Servlet.service() for servlet [dispatcherServlet] threw exception
org.springframework.beans.factory.NoSuchBeanDefinitionException: No qualifying bean of type 'org.springframework.boot.autoconfigure.h2.H2ConsoleProperties' available
	at org.springframework.beans.factory.support.DefaultListableBeanFactory.getBean(DefaultListableBeanFactory.java:395)
	at org.springframework.beans.factory.support.DefaultListableBeanFactory.getBean(DefaultListableBeanFactory.java:386)
	at org.springframework.context.support.AbstractApplicationContext.getBean(AbstractApplicationContext.java:1314)
	at org.springframework.boot.security.servlet.ApplicationContextRequestMatcher.getContext(ApplicationContextRequestMatcher.java:79)
	at org.springframework.boot.security.servlet.ApplicationContextRequestMatcher.lambda$matches$0(ApplicationContextRequestMatcher.java:62)
	at org.springframework.boot.autoconfigure.security.servlet.PathRequest$H2ConsoleRequestMatcher.initialized(PathRequest.java:82)
	at org.springframework.boot.security.servlet.ApplicationContextRequestMatcher.matches(ApplicationContextRequestMatcher.java:66)
	at org.springframework.security.web.DefaultSecurityFilterChain.matches(DefaultSecurityFilterChain.java:89)
	at org.springframework.security.web.FilterChainProxy.getFilters(FilterChainProxy.java:248)
	at org.springframework.security.web.FilterChainProxy.doFilterInternal(FilterChainProxy.java:213)
	at org.springframework.security.web.FilterChainProxy.doFilter(FilterChainProxy.java:191)
	at org.springframework.web.filter.CompositeFilter$VirtualFilterChain.doFilter(CompositeFilter.java:113)
	at org.springframework.web.filter.ServletRequestPathFilter.doFilter(ServletRequestPathFilter.java:52)
	at org.springframework.web.filter.CompositeFilter$VirtualFilterChain.doFilter(CompositeFilter.java:113)
	at org.springframework.web.filter.CompositeFilter.doFilter(CompositeFilter.java:74)
	at org.springframework.security.config.annotation.web.configuration.WebSecurityConfiguration$CompositeFilterChainProxy.doFilter(WebSecurityConfiguration.java:319)
	at org.springframework.web.filter.CompositeFilter$VirtualFilterChain.doFilter(CompositeFilter.java:113)
	at org.springframework.web.servlet.handler.HandlerMappingIntrospector.lambda$createCacheFilter$4(HandlerMappingIntrospector.java:267)
	at org.springframework.web.filter.CompositeFilter$VirtualFilterChain.doFilter(CompositeFilter.java:113)
	at org.springframework.web.filter.CompositeFilter.doFilter(CompositeFilter.java:74)
	at org.springframework.security.config.annotation.web.configuration.WebMvcSecurityConfiguration$CompositeFilterChainProxy.doFilter(WebMvcSecurityConfiguration.java:240)
	at org.springframework.web.filter.DelegatingFilterProxy.invokeDelegate(DelegatingFilterProxy.java:362)
	at org.springframework.web.filter.DelegatingFilterProxy.doFilter(DelegatingFilterProxy.java:278)
	at org.apache.catalina.core.ApplicationFilterChain.internalDoFilter(ApplicationFilterChain.java:162)
	at org.apache.catalina.core.ApplicationFilterChain.doFilter(ApplicationFilterChain.java:138)
	at org.springframework.web.filter.RequestContextFilter.doFilterInternal(RequestContextFilter.java:100)
	at org.springframework.web.filter.OncePerRequestFilter.doFilter(OncePerRequestFilter.java:116)
	at org.apache.catalina.core.ApplicationFilterChain.internalDoFilter(ApplicationFilterChain.java:162)
	at org.apache.catalina.core.ApplicationFilterChain.doFilter(ApplicationFilterChain.java:138)
	at org.springframework.web.filter.OncePerRequestFilter.doFilter(OncePerRequestFilter.java:101)
	at org.apache.catalina.core.ApplicationFilterChain.internalDoFilter(ApplicationFilterChain.java:162)
	at org.apache.catalina.core.ApplicationFilterChain.doFilter(ApplicationFilterChain.java:138)
	at org.springframework.web.filter.OncePerRequestFilter.doFilter(OncePerRequestFilter.java:101)
	at org.apache.catalina.core.ApplicationFilterChain.internalDoFilter(ApplicationFilterChain.java:162)
	at org.apache.catalina.core.ApplicationFilterChain.doFilter(ApplicationFilterChain.java:138)
	at org.springframework.web.filter.OncePerRequestFilter.doFilter(OncePerRequestFilter.java:101)
	at org.apache.catalina.core.ApplicationFilterChain.internalDoFilter(ApplicationFilterChain.java:162)
	at org.apache.catalina.core.ApplicationFilterChain.doFilter(ApplicationFilterChain.java:138)
	at org.apache.catalina.core.ApplicationDispatcher.invoke(ApplicationDispatcher.java:610)
	at org.apache.catalina.core.ApplicationDispatcher.processRequest(ApplicationDispatcher.java:394)
	at org.apache.catalina.core.ApplicationDispatcher.doForward(ApplicationDispatcher.java:321)
	at org.apache.catalina.core.ApplicationDispatcher.forward(ApplicationDispatcher.java:266)
	at org.apache.catalina.core.StandardHostValve.custom(StandardHostValve.java:374)
	at org.apache.catalina.core.StandardHostValve.status(StandardHostValve.java:206)
	at org.apache.catalina.core.StandardHostValve.throwable(StandardHostValve.java:283)
	at org.apache.catalina.core.StandardHostValve.invoke(StandardHostValve.java:147)
	at org.apache.catalina.valves.ErrorReportValve.invoke(ErrorReportValve.java:83)
	at org.apache.catalina.core.StandardEngineValve.invoke(StandardEngineValve.java:72)
	at org.apache.catalina.connector.CoyoteAdapter.service(CoyoteAdapter.java:342)
	at org.apache.coyote.http11.Http11Processor.service(Http11Processor.java:399)
	at org.apache.coyote.AbstractProcessorLight.process(AbstractProcessorLight.java:63)
	at org.apache.coyote.AbstractProtocol$ConnectionHandler.process(AbstractProtocol.java:903)
	at org.apache.tomcat.util.net.NioEndpoint$SocketProcessor.doRun(NioEndpoint.java:1775)
	at org.apache.tomcat.util.net.SocketProcessorBase.run(SocketProcessorBase.java:52)
	at org.apache.tomcat.util.threads.ThreadPoolExecutor.runWorker(ThreadPoolExecutor.java:973)
	at org.apache.tomcat.util.threads.ThreadPoolExecutor$Worker.run(ThreadPoolExecutor.java:491)
	at org.apache.tomcat.util.threads.TaskThread$WrappingRunnable.run(TaskThread.java:63)
	at java.base/java.lang.Thread.run(Thread.java:1474)
2026-06-02 10:24:08.728 [http-nio-8080-exec-1] ERROR >>> o.a.c.c.C.[Tomcat].[localhost] - Exception Processing [ErrorPage[errorCode=0, location=/error]]
org.springframework.beans.factory.NoSuchBeanDefinitionException: No qualifying bean of type 'org.springframework.boot.autoconfigure.h2.H2ConsoleProperties' available
	at org.springframework.beans.factory.support.DefaultListableBeanFactory.getBean(DefaultListableBeanFactory.java:395)
	at org.springframework.beans.factory.support.DefaultListableBeanFactory.getBean(DefaultListableBeanFactory.java:386)
	at org.springframework.context.support.AbstractApplicationContext.getBean(AbstractApplicationContext.java:1314)
	at org.springframework.boot.security.servlet.ApplicationContextRequestMatcher.getContext(ApplicationContextRequestMatcher.java:79)
	at org.springframework.boot.security.servlet.ApplicationContextRequestMatcher.lambda$matches$0(ApplicationContextRequestMatcher.java:62)
	at org.springframework.boot.autoconfigure.security.servlet.PathRequest$H2ConsoleRequestMatcher.initialized(PathRequest.java:82)
	at org.springframework.boot.security.servlet.ApplicationContextRequestMatcher.matches(ApplicationContextRequestMatcher.java:66)
	at org.springframework.security.web.DefaultSecurityFilterChain.matches(DefaultSecurityFilterChain.java:89)
	at org.springframework.security.web.FilterChainProxy.getFilters(FilterChainProxy.java:248)
	at org.springframework.security.web.FilterChainProxy.doFilterInternal(FilterChainProxy.java:213)
	at org.springframework.security.web.FilterChainProxy.doFilter(FilterChainProxy.java:191)
	at org.springframework.web.filter.CompositeFilter$VirtualFilterChain.doFilter(CompositeFilter.java:113)
	at org.springframework.web.filter.ServletRequestPathFilter.doFilter(ServletRequestPathFilter.java:52)
	at org.springframework.web.filter.CompositeFilter$VirtualFilterChain.doFilter(CompositeFilter.java:113)
	at org.springframework.web.filter.CompositeFilter.doFilter(CompositeFilter.java:74)
	at org.springframework.security.config.annotation.web.configuration.WebSecurityConfiguration$CompositeFilterChainProxy.doFilter(WebSecurityConfiguration.java:319)
	at org.springframework.web.filter.CompositeFilter$VirtualFilterChain.doFilter(CompositeFilter.java:113)
	at org.springframework.web.servlet.handler.HandlerMappingIntrospector.lambda$createCacheFilter$4(HandlerMappingIntrospector.java:267)
	at org.springframework.web.filter.CompositeFilter$VirtualFilterChain.doFilter(CompositeFilter.java:113)
	at org.springframework.web.filter.CompositeFilter.doFilter(CompositeFilter.java:74)
	at org.springframework.security.config.annotation.web.configuration.WebMvcSecurityConfiguration$CompositeFilterChainProxy.doFilter(WebMvcSecurityConfiguration.java:240)
	at org.springframework.web.filter.DelegatingFilterProxy.invokeDelegate(DelegatingFilterProxy.java:362)
	at org.springframework.web.filter.DelegatingFilterProxy.doFilter(DelegatingFilterProxy.java:278)
	at org.apache.catalina.core.ApplicationFilterChain.internalDoFilter(ApplicationFilterChain.java:162)
	at org.apache.catalina.core.ApplicationFilterChain.doFilter(ApplicationFilterChain.java:138)
	at org.springframework.web.filter.RequestContextFilter.doFilterInternal(RequestContextFilter.java:100)
	at org.springframework.web.filter.OncePerRequestFilter.doFilter(OncePerRequestFilter.java:116)
	at org.apache.catalina.core.ApplicationFilterChain.internalDoFilter(ApplicationFilterChain.java:162)
	at org.apache.catalina.core.ApplicationFilterChain.doFilter(ApplicationFilterChain.java:138)
	at org.springframework.web.filter.OncePerRequestFilter.doFilter(OncePerRequestFilter.java:101)
	at org.apache.catalina.core.ApplicationFilterChain.internalDoFilter(ApplicationFilterChain.java:162)
	at org.apache.catalina.core.ApplicationFilterChain.doFilter(ApplicationFilterChain.java:138)
	at org.springframework.web.filter.OncePerRequestFilter.doFilter(OncePerRequestFilter.java:101)
	at org.apache.catalina.core.ApplicationFilterChain.internalDoFilter(ApplicationFilterChain.java:162)
	at org.apache.catalina.core.ApplicationFilterChain.doFilter(ApplicationFilterChain.java:138)
	at org.springframework.web.filter.OncePerRequestFilter.doFilter(OncePerRequestFilter.java:101)
	at org.apache.catalina.core.ApplicationFilterChain.internalDoFilter(ApplicationFilterChain.java:162)
	at org.apache.catalina.core.ApplicationFilterChain.doFilter(ApplicationFilterChain.java:138)
	at org.apache.catalina.core.ApplicationDispatcher.invoke(ApplicationDispatcher.java:610)
	at org.apache.catalina.core.ApplicationDispatcher.processRequest(ApplicationDispatcher.java:394)
	at org.apache.catalina.core.ApplicationDispatcher.doForward(ApplicationDispatcher.java:321)
	at org.apache.catalina.core.ApplicationDispatcher.forward(ApplicationDispatcher.java:266)
	at org.apache.catalina.core.StandardHostValve.custom(StandardHostValve.java:374)
	at org.apache.catalina.core.StandardHostValve.status(StandardHostValve.java:206)
	at org.apache.catalina.core.StandardHostValve.throwable(StandardHostValve.java:283)
	at org.apache.catalina.core.StandardHostValve.invoke(StandardHostValve.java:147)
	at org.apache.catalina.valves.ErrorReportValve.invoke(ErrorReportValve.java:83)
	at org.apache.catalina.core.StandardEngineValve.invoke(StandardEngineValve.java:72)
	at org.apache.catalina.connector.CoyoteAdapter.service(CoyoteAdapter.java:342)
	at org.apache.coyote.http11.Http11Processor.service(Http11Processor.java:399)
	at org.apache.coyote.AbstractProcessorLight.process(AbstractProcessorLight.java:63)
	at org.apache.coyote.AbstractProtocol$ConnectionHandler.process(AbstractProtocol.java:903)
	at org.apache.tomcat.util.net.NioEndpoint$SocketProcessor.doRun(NioEndpoint.java:1775)
	at org.apache.tomcat.util.net.SocketProcessorBase.run(SocketProcessorBase.java:52)
	at org.apache.tomcat.util.threads.ThreadPoolExecutor.runWorker(ThreadPoolExecutor.java:973)
	at org.apache.tomcat.util.threads.ThreadPoolExecutor$Worker.run(ThreadPoolExecutor.java:491)
	at org.apache.tomcat.util.threads.TaskThread$WrappingRunnable.run(TaskThread.java:63)
	at java.base/java.lang.Thread.run(Thread.java:1474)
2026-06-02 10:32:24.380 [SpringApplicationShutdownHook] INFO  >>> o.s.b.w.e.tomcat.GracefulShutdown - Commencing graceful shutdown. Waiting for active requests to complete
2026-06-02 10:32:24.386 [tomcat-shutdown] INFO  >>> o.s.b.w.e.tomcat.GracefulShutdown - Graceful shutdown complete
2026-06-02 10:32:24.392 [SpringApplicationShutdownHook] INFO  >>> o.s.o.j.LocalContainerEntityManagerFactoryBean - Closing JPA EntityManagerFactory for persistence unit 'default'
2026-06-02 10:32:24.394 [SpringApplicationShutdownHook] INFO  >>> com.zaxxer.hikari.HikariDataSource - HikariPool-1 - Shutdown initiated...
2026-06-02 10:32:24.400 [SpringApplicationShutdownHook] INFO  >>> com.zaxxer.hikari.HikariDataSource - HikariPool-1 - Shutdown completed.
2026-06-02 10:32:26.390 [background-preinit] INFO  >>> o.h.validator.internal.util.Version - HV000001: Hibernate Validator 8.0.3.Final
2026-06-02 10:32:26.424 [main] INFO  >>> b.i.p.Produto12026Application - Starting Produto12026Application using Java 25.0.2 with PID 2700 (C:\Users\kauan\Documents\Trabalhos IF\Atvs_BackEnd\produto1-2026\target\classes started by kauan in C:\Users\kauan\Documents\Trabalhos IF\Atvs_BackEnd\produto1-2026)
2026-06-02 10:32:26.424 [main] INFO  >>> b.i.p.Produto12026Application - The following 1 profile is active: "dev"
2026-06-02 10:32:27.088 [main] INFO  >>> o.s.d.r.c.RepositoryConfigurationDelegate - Bootstrapping Spring Data JPA repositories in DEFAULT mode.
2026-06-02 10:32:27.147 [main] INFO  >>> o.s.d.r.c.RepositoryConfigurationDelegate - Finished Spring Data repository scanning in 51 ms. Found 5 JPA repository interfaces.
2026-06-02 10:32:27.625 [main] INFO  >>> o.s.b.w.e.tomcat.TomcatWebServer - Tomcat initialized with port 8080 (http)
2026-06-02 10:32:27.645 [main] INFO  >>> o.a.coyote.http11.Http11NioProtocol - Initializing ProtocolHandler ["http-nio-8080"]
2026-06-02 10:32:27.646 [main] INFO  >>> o.a.catalina.core.StandardService - Starting service [Tomcat]
2026-06-02 10:32:27.646 [main] INFO  >>> o.a.catalina.core.StandardEngine - Starting Servlet engine: [Apache Tomcat/10.1.52]
2026-06-02 10:32:27.707 [main] INFO  >>> o.a.c.c.C.[Tomcat].[localhost].[/] - Initializing Spring embedded WebApplicationContext
2026-06-02 10:32:27.707 [main] INFO  >>> o.s.b.w.s.c.ServletWebServerApplicationContext - Root WebApplicationContext: initialization completed in 1251 ms
2026-06-02 10:32:27.935 [main] INFO  >>> com.zaxxer.hikari.HikariDataSource - HikariPool-1 - Starting...
2026-06-02 10:32:28.082 [main] INFO  >>> com.zaxxer.hikari.pool.HikariPool - HikariPool-1 - Added connection com.mysql.cj.jdbc.ConnectionImpl@16a09809
2026-06-02 10:32:28.084 [main] INFO  >>> com.zaxxer.hikari.HikariDataSource - HikariPool-1 - Start completed.
2026-06-02 10:32:28.173 [main] INFO  >>> org.flywaydb.core.FlywayExecutor - Database: jdbc:mysql://localhost:3306/products?createDatabaseIfNotExist=true&allowPublicKeyRetrieval=true&useSSL=false&useTimezone=true&serverTimezone=UTC (MySQL 5.5)
2026-06-02 10:32:28.231 [main] INFO  >>> o.f.core.internal.command.DbValidate - Successfully validated 4 migrations (execution time 00:00.033s)
2026-06-02 10:32:28.248 [main] INFO  >>> o.f.core.internal.command.DbMigrate - Current version of schema `products`: 6
2026-06-02 10:32:28.248 [main] WARN  >>> o.f.core.internal.command.DbMigrate - outOfOrder mode is active. Migration of schema `products` may not be reproducible.
2026-06-02 10:32:28.251 [main] INFO  >>> o.f.core.internal.command.DbMigrate - Schema `products` is up to date. No migration necessary.
2026-06-02 10:32:28.343 [main] INFO  >>> o.h.jpa.internal.util.LogHelper - HHH000204: Processing PersistenceUnitInfo [name: default]
2026-06-02 10:32:28.387 [main] INFO  >>> org.hibernate.Version - HHH000412: Hibernate ORM core version 6.6.42.Final
2026-06-02 10:32:28.425 [main] INFO  >>> o.h.c.i.RegionFactoryInitiator - HHH000026: Second-level cache disabled
2026-06-02 10:32:28.660 [main] INFO  >>> o.s.o.j.p.SpringPersistenceUnitInfo - No LoadTimeWeaver setup: ignoring JPA class transformer
2026-06-02 10:32:28.721 [main] WARN  >>> org.hibernate.dialect.Dialect - HHH000511: The 5.5.5 version for [org.hibernate.dialect.MySQLDialect] is no longer supported, hence certain features may not work properly. The minimum supported version is 8.0.0. Check the community dialects project for available legacy versions.
2026-06-02 10:32:28.733 [main] INFO  >>> o.hibernate.orm.connections.pooling - HHH10001005: Database info:
	Database JDBC URL [Connecting through datasource 'HikariDataSource (HikariPool-1)']
	Database driver: undefined/unknown
	Database version: 5.5.5
	Autocommit mode: undefined/unknown
	Isolation level: undefined/unknown
	Minimum pool size: undefined/unknown
	Maximum pool size: undefined/unknown
2026-06-02 10:32:29.472 [main] INFO  >>> o.h.e.t.j.p.i.JtaPlatformInitiator - HHH000489: No JTA platform available (set 'hibernate.transaction.jta.platform' to enable JTA platform integration)
2026-06-02 10:32:29.490 [main] INFO  >>> o.s.o.j.LocalContainerEntityManagerFactoryBean - Initialized JPA EntityManagerFactory for persistence unit 'default'
2026-06-02 10:32:29.707 [main] INFO  >>> o.s.d.j.r.query.QueryEnhancerFactory - Hibernate is in classpath; If applicable, HQL parser will be used.
2026-06-02 10:32:30.219 [main] INFO  >>> o.s.s.c.a.a.c.InitializeUserDetailsBeanManagerConfigurer$InitializeUserDetailsManagerConfigurer - Global AuthenticationManager configured with UserDetailsService bean with name usuarioService
2026-06-02 10:32:31.335 [main] INFO  >>> o.s.b.a.h.H2ConsoleAutoConfiguration - H2 console available at '/h2-console'. Database available at 'jdbc:mysql://localhost:3306/products?createDatabaseIfNotExist=true&allowPublicKeyRetrieval=true&useSSL=false&useTimezone=true&serverTimezone=UTC'
2026-06-02 10:32:31.395 [main] INFO  >>> o.a.coyote.http11.Http11NioProtocol - Starting ProtocolHandler ["http-nio-8080"]
2026-06-02 10:32:31.408 [main] INFO  >>> o.s.b.w.e.tomcat.TomcatWebServer - Tomcat started on port 8080 (http) with context path '/'
2026-06-02 10:32:31.415 [main] INFO  >>> b.i.p.Produto12026Application - Started Produto12026Application in 5.458 seconds (process running for 6.001)
2026-06-02 10:32:31.485 [main] WARN  >>> o.s.c.events.SpringDocAppInitializer - SpringDoc /api-docs endpoint is enabled by default. To disable it in production, set the property 'springdoc.api-docs.enabled=false'
2026-06-02 10:32:31.485 [main] WARN  >>> o.s.c.events.SpringDocAppInitializer - SpringDoc /swagger-ui.html endpoint is enabled by default. To disable it in production, set the property 'springdoc.swagger-ui.enabled=false'
2026-06-02 10:32:34.242 [http-nio-8080-exec-5] INFO  >>> o.a.c.c.C.[Tomcat].[localhost].[/] - Initializing Spring DispatcherServlet 'dispatcherServlet'
2026-06-02 10:32:34.243 [http-nio-8080-exec-5] INFO  >>> o.s.web.servlet.DispatcherServlet - Initializing Servlet 'dispatcherServlet'
2026-06-02 10:32:34.244 [http-nio-8080-exec-5] INFO  >>> o.s.web.servlet.DispatcherServlet - Completed initialization in 1 ms
2026-06-02 10:32:34.298 [http-nio-8080-exec-5] WARN  >>> o.s.w.s.m.s.DefaultHandlerExceptionResolver - Resolved [org.springframework.web.HttpMediaTypeNotSupportedException: Content-Type 'text/plain;charset=UTF-8' is not supported]
2026-06-02 10:34:40.567 [http-nio-8080-exec-2] WARN  >>> o.s.w.s.m.s.DefaultHandlerExceptionResolver - Resolved [org.springframework.web.HttpMediaTypeNotSupportedException: Content-Type 'text/plain;charset=UTF-8' is not supported]
2026-06-02 10:34:44.044 [http-nio-8080-exec-6] WARN  >>> o.s.w.s.m.s.DefaultHandlerExceptionResolver - Resolved [org.springframework.web.HttpMediaTypeNotSupportedException: Content-Type 'text/plain;charset=UTF-8' is not supported]
2026-06-02 10:35:28.825 [http-nio-8080-exec-7] ERROR >>> o.a.c.c.C.[.[.[.[dispatcherServlet] - Servlet.service() for servlet [dispatcherServlet] in context with path [] threw exception [Request processing failed: org.springframework.mail.MailAuthenticationException: Authentication failed] with root cause
jakarta.mail.AuthenticationFailedException: 535-5.7.8 Username and Password not accepted. For more information, go to
535 5.7.8  https://support.google.com/mail/?p=BadCredentials 00721157ae682-7e175de0e55sm58876117b3.4 - gsmtp

	at org.eclipse.angus.mail.smtp.SMTPTransport$Authenticator.authenticate(SMTPTransport.java:954)
	at org.eclipse.angus.mail.smtp.SMTPTransport.authenticate(SMTPTransport.java:865)
	at org.eclipse.angus.mail.smtp.SMTPTransport.protocolConnect(SMTPTransport.java:769)
	at jakarta.mail.Service.connect(Service.java:345)
	at org.springframework.mail.javamail.JavaMailSenderImpl.connectTransport(JavaMailSenderImpl.java:480)
	at org.springframework.mail.javamail.JavaMailSenderImpl.doSend(JavaMailSenderImpl.java:399)
	at org.springframework.mail.javamail.JavaMailSenderImpl.send(JavaMailSenderImpl.java:317)
	at org.springframework.mail.MailSender.send(MailSender.java:42)
	at br.ifmg.produto1_2026.service.EmailService.sendMail(EmailService.java:30)
	at br.ifmg.produto1_2026.service.AuthService.createRecoverToken(AuthService.java:97)
	at java.base/jdk.internal.reflect.DirectMethodHandleAccessor.invoke(DirectMethodHandleAccessor.java:104)
	at java.base/java.lang.reflect.Method.invoke(Method.java:565)
	at org.springframework.aop.support.AopUtils.invokeJoinpointUsingReflection(AopUtils.java:360)
	at org.springframework.aop.framework.CglibAopProxy$DynamicAdvisedInterceptor.intercept(CglibAopProxy.java:724)
	at br.ifmg.produto1_2026.service.AuthService$$SpringCGLIB$$0.createRecoverToken(<generated>)
	at br.ifmg.produto1_2026.resources.AuthResource.createRecoverToken(AuthResource.java:39)
	at java.base/jdk.internal.reflect.DirectMethodHandleAccessor.invoke(DirectMethodHandleAccessor.java:104)
	at java.base/java.lang.reflect.Method.invoke(Method.java:565)
	at org.springframework.web.method.support.InvocableHandlerMethod.doInvoke(InvocableHandlerMethod.java:258)
	at org.springframework.web.method.support.InvocableHandlerMethod.invokeForRequest(InvocableHandlerMethod.java:191)
	at org.springframework.web.servlet.mvc.method.annotation.ServletInvocableHandlerMethod.invokeAndHandle(ServletInvocableHandlerMethod.java:118)
	at org.springframework.web.servlet.mvc.method.annotation.RequestMappingHandlerAdapter.invokeHandlerMethod(RequestMappingHandlerAdapter.java:991)
	at org.springframework.web.servlet.mvc.method.annotation.RequestMappingHandlerAdapter.handleInternal(RequestMappingHandlerAdapter.java:896)
	at org.springframework.web.servlet.mvc.method.AbstractHandlerMethodAdapter.handle(AbstractHandlerMethodAdapter.java:87)
	at org.springframework.web.servlet.DispatcherServlet.doDispatch(DispatcherServlet.java:1089)
	at org.springframework.web.servlet.DispatcherServlet.doService(DispatcherServlet.java:979)
	at org.springframework.web.servlet.FrameworkServlet.processRequest(FrameworkServlet.java:1014)
	at org.springframework.web.servlet.FrameworkServlet.doPost(FrameworkServlet.java:914)
	at jakarta.servlet.http.HttpServlet.service(HttpServlet.java:590)
	at org.springframework.web.servlet.FrameworkServlet.service(FrameworkServlet.java:885)
	at jakarta.servlet.http.HttpServlet.service(HttpServlet.java:658)
	at org.apache.catalina.core.ApplicationFilterChain.internalDoFilter(ApplicationFilterChain.java:193)
	at org.apache.catalina.core.ApplicationFilterChain.doFilter(ApplicationFilterChain.java:138)
	at org.apache.tomcat.websocket.server.WsFilter.doFilter(WsFilter.java:51)
	at org.apache.catalina.core.ApplicationFilterChain.internalDoFilter(ApplicationFilterChain.java:162)
	at org.apache.catalina.core.ApplicationFilterChain.doFilter(ApplicationFilterChain.java:138)
	at org.springframework.web.filter.CompositeFilter$VirtualFilterChain.doFilter(CompositeFilter.java:108)
	at org.springframework.web.filter.CompositeFilter$VirtualFilterChain.doFilter(CompositeFilter.java:108)
	at org.springframework.security.web.FilterChainProxy.lambda$doFilterInternal$3(FilterChainProxy.java:231)
	at org.springframework.security.web.FilterChainProxy$VirtualFilterChain.doFilter(FilterChainProxy.java:365)
	at org.springframework.security.web.access.intercept.AuthorizationFilter.doFilter(AuthorizationFilter.java:101)
	at org.springframework.security.web.FilterChainProxy$VirtualFilterChain.doFilter(FilterChainProxy.java:374)
	at org.springframework.security.web.access.ExceptionTranslationFilter.doFilter(ExceptionTranslationFilter.java:125)
	at org.springframework.security.web.access.ExceptionTranslationFilter.doFilter(ExceptionTranslationFilter.java:119)
	at org.springframework.security.web.FilterChainProxy$VirtualFilterChain.doFilter(FilterChainProxy.java:374)
	at org.springframework.security.web.authentication.AnonymousAuthenticationFilter.doFilter(AnonymousAuthenticationFilter.java:100)
	at org.springframework.security.web.FilterChainProxy$VirtualFilterChain.doFilter(FilterChainProxy.java:374)
	at org.springframework.security.web.servletapi.SecurityContextHolderAwareRequestFilter.doFilter(SecurityContextHolderAwareRequestFilter.java:179)
	at org.springframework.security.web.FilterChainProxy$VirtualFilterChain.doFilter(FilterChainProxy.java:374)
	at org.springframework.security.web.savedrequest.RequestCacheAwareFilter.doFilter(RequestCacheAwareFilter.java:63)
	at org.springframework.security.web.FilterChainProxy$VirtualFilterChain.doFilter(FilterChainProxy.java:374)
	at org.springframework.security.web.authentication.AuthenticationFilter.doFilterInternal(AuthenticationFilter.java:177)
	at org.springframework.web.filter.OncePerRequestFilter.doFilter(OncePerRequestFilter.java:116)
	at org.springframework.security.web.FilterChainProxy$VirtualFilterChain.doFilter(FilterChainProxy.java:374)
	at org.springframework.security.oauth2.server.resource.web.authentication.BearerTokenAuthenticationFilter.doFilterInternal(BearerTokenAuthenticationFilter.java:135)
	at org.springframework.web.filter.OncePerRequestFilter.doFilter(OncePerRequestFilter.java:116)
	at org.springframework.security.web.FilterChainProxy$VirtualFilterChain.doFilter(FilterChainProxy.java:374)
	at org.springframework.security.web.authentication.logout.LogoutFilter.doFilter(LogoutFilter.java:107)
	at org.springframework.security.web.authentication.logout.LogoutFilter.doFilter(LogoutFilter.java:93)
	at org.springframework.security.web.FilterChainProxy$VirtualFilterChain.doFilter(FilterChainProxy.java:374)
	at org.springframework.web.filter.CorsFilter.doFilterInternal(CorsFilter.java:91)
	at org.springframework.web.filter.OncePerRequestFilter.doFilter(OncePerRequestFilter.java:116)
	at org.springframework.security.web.FilterChainProxy$VirtualFilterChain.doFilter(FilterChainProxy.java:374)
	at org.springframework.security.web.header.HeaderWriterFilter.doHeadersAfter(HeaderWriterFilter.java:90)
	at org.springframework.security.web.header.HeaderWriterFilter.doFilterInternal(HeaderWriterFilter.java:75)
	at org.springframework.web.filter.OncePerRequestFilter.doFilter(OncePerRequestFilter.java:116)
	at org.springframework.security.web.FilterChainProxy$VirtualFilterChain.doFilter(FilterChainProxy.java:374)
	at org.springframework.security.web.context.SecurityContextHolderFilter.doFilter(SecurityContextHolderFilter.java:82)
	at org.springframework.security.web.context.SecurityContextHolderFilter.doFilter(SecurityContextHolderFilter.java:69)
	at org.springframework.security.web.FilterChainProxy$VirtualFilterChain.doFilter(FilterChainProxy.java:374)
	at org.springframework.security.web.context.request.async.WebAsyncManagerIntegrationFilter.doFilterInternal(WebAsyncManagerIntegrationFilter.java:62)
	at org.springframework.web.filter.OncePerRequestFilter.doFilter(OncePerRequestFilter.java:116)
	at org.springframework.security.web.FilterChainProxy$VirtualFilterChain.doFilter(FilterChainProxy.java:374)
	at org.springframework.security.web.session.DisableEncodeUrlFilter.doFilterInternal(DisableEncodeUrlFilter.java:42)
	at org.springframework.web.filter.OncePerRequestFilter.doFilter(OncePerRequestFilter.java:116)
	at org.springframework.security.web.FilterChainProxy$VirtualFilterChain.doFilter(FilterChainProxy.java:374)
	at org.springframework.security.web.FilterChainProxy.doFilterInternal(FilterChainProxy.java:233)
	at org.springframework.security.web.FilterChainProxy.doFilter(FilterChainProxy.java:191)
	at org.springframework.web.filter.CompositeFilter$VirtualFilterChain.doFilter(CompositeFilter.java:113)
	at org.springframework.web.filter.ServletRequestPathFilter.doFilter(ServletRequestPathFilter.java:52)
	at org.springframework.web.filter.CompositeFilter$VirtualFilterChain.doFilter(CompositeFilter.java:113)
	at org.springframework.web.filter.CompositeFilter.doFilter(CompositeFilter.java:74)
	at org.springframework.security.config.annotation.web.configuration.WebSecurityConfiguration$CompositeFilterChainProxy.doFilter(WebSecurityConfiguration.java:319)
	at org.springframework.web.filter.CompositeFilter$VirtualFilterChain.doFilter(CompositeFilter.java:113)
	at org.springframework.web.servlet.handler.HandlerMappingIntrospector.lambda$createCacheFilter$4(HandlerMappingIntrospector.java:267)
	at org.springframework.web.filter.CompositeFilter$VirtualFilterChain.doFilter(CompositeFilter.java:113)
	at org.springframework.web.filter.CompositeFilter.doFilter(CompositeFilter.java:74)
	at org.springframework.security.config.annotation.web.configuration.WebMvcSecurityConfiguration$CompositeFilterChainProxy.doFilter(WebMvcSecurityConfiguration.java:240)
	at org.springframework.web.filter.DelegatingFilterProxy.invokeDelegate(DelegatingFilterProxy.java:362)
	at org.springframework.web.filter.DelegatingFilterProxy.doFilter(DelegatingFilterProxy.java:278)
	at org.apache.catalina.core.ApplicationFilterChain.internalDoFilter(ApplicationFilterChain.java:162)
	at org.apache.catalina.core.ApplicationFilterChain.doFilter(ApplicationFilterChain.java:138)
	at org.springframework.web.filter.RequestContextFilter.doFilterInternal(RequestContextFilter.java:100)
	at org.springframework.web.filter.OncePerRequestFilter.doFilter(OncePerRequestFilter.java:116)
	at org.apache.catalina.core.ApplicationFilterChain.internalDoFilter(ApplicationFilterChain.java:162)
	at org.apache.catalina.core.ApplicationFilterChain.doFilter(ApplicationFilterChain.java:138)
	at org.springframework.web.filter.FormContentFilter.doFilterInternal(FormContentFilter.java:93)
	at org.springframework.web.filter.OncePerRequestFilter.doFilter(OncePerRequestFilter.java:116)
	at org.apache.catalina.core.ApplicationFilterChain.internalDoFilter(ApplicationFilterChain.java:162)
	at org.apache.catalina.core.ApplicationFilterChain.doFilter(ApplicationFilterChain.java:138)
	at org.springframework.web.filter.CharacterEncodingFilter.doFilterInternal(CharacterEncodingFilter.java:201)
	at org.springframework.web.filter.OncePerRequestFilter.doFilter(OncePerRequestFilter.java:116)
	at org.apache.catalina.core.ApplicationFilterChain.internalDoFilter(ApplicationFilterChain.java:162)
	at org.apache.catalina.core.ApplicationFilterChain.doFilter(ApplicationFilterChain.java:138)
	at org.springframework.web.filter.CorsFilter.doFilterInternal(CorsFilter.java:91)
	at org.springframework.web.filter.OncePerRequestFilter.doFilter(OncePerRequestFilter.java:116)
	at org.apache.catalina.core.ApplicationFilterChain.internalDoFilter(ApplicationFilterChain.java:162)
	at org.apache.catalina.core.ApplicationFilterChain.doFilter(ApplicationFilterChain.java:138)
	at org.apache.catalina.core.StandardWrapperValve.invoke(StandardWrapperValve.java:165)
	at org.apache.catalina.core.StandardContextValve.invoke(StandardContextValve.java:88)
	at org.apache.catalina.authenticator.AuthenticatorBase.invoke(AuthenticatorBase.java:492)
	at org.apache.catalina.core.StandardHostValve.invoke(StandardHostValve.java:113)
	at org.apache.catalina.valves.ErrorReportValve.invoke(ErrorReportValve.java:83)
	at org.apache.catalina.core.StandardEngineValve.invoke(StandardEngineValve.java:72)
	at org.apache.catalina.connector.CoyoteAdapter.service(CoyoteAdapter.java:342)
	at org.apache.coyote.http11.Http11Processor.service(Http11Processor.java:399)
	at org.apache.coyote.AbstractProcessorLight.process(AbstractProcessorLight.java:63)
	at org.apache.coyote.AbstractProtocol$ConnectionHandler.process(AbstractProtocol.java:903)
	at org.apache.tomcat.util.net.NioEndpoint$SocketProcessor.doRun(NioEndpoint.java:1775)
	at org.apache.tomcat.util.net.SocketProcessorBase.run(SocketProcessorBase.java:52)
	at org.apache.tomcat.util.threads.ThreadPoolExecutor.runWorker(ThreadPoolExecutor.java:973)
	at org.apache.tomcat.util.threads.ThreadPoolExecutor$Worker.run(ThreadPoolExecutor.java:491)
	at org.apache.tomcat.util.threads.TaskThread$WrappingRunnable.run(TaskThread.java:63)
	at java.base/java.lang.Thread.run(Thread.java:1474)
2026-06-02 10:36:34.427 [http-nio-8080-exec-9] ERROR >>> o.a.c.c.C.[.[.[.[dispatcherServlet] - Servlet.service() for servlet [dispatcherServlet] in context with path [] threw exception [Request processing failed: org.springframework.mail.MailAuthenticationException: Authentication failed] with root cause
jakarta.mail.AuthenticationFailedException: 535-5.7.8 Username and Password not accepted. For more information, go to
535 5.7.8  https://support.google.com/mail/?p=BadCredentials 956f58d0204a3-66069abd6d7sm5422858d50.20 - gsmtp

	at org.eclipse.angus.mail.smtp.SMTPTransport$Authenticator.authenticate(SMTPTransport.java:954)
	at org.eclipse.angus.mail.smtp.SMTPTransport.authenticate(SMTPTransport.java:865)
	at org.eclipse.angus.mail.smtp.SMTPTransport.protocolConnect(SMTPTransport.java:769)
	at jakarta.mail.Service.connect(Service.java:345)
	at org.springframework.mail.javamail.JavaMailSenderImpl.connectTransport(JavaMailSenderImpl.java:480)
	at org.springframework.mail.javamail.JavaMailSenderImpl.doSend(JavaMailSenderImpl.java:399)
	at org.springframework.mail.javamail.JavaMailSenderImpl.send(JavaMailSenderImpl.java:317)
	at org.springframework.mail.MailSender.send(MailSender.java:42)
	at br.ifmg.produto1_2026.service.EmailService.sendMail(EmailService.java:30)
	at br.ifmg.produto1_2026.service.AuthService.createRecoverToken(AuthService.java:97)
	at java.base/jdk.internal.reflect.DirectMethodHandleAccessor.invoke(DirectMethodHandleAccessor.java:104)
	at java.base/java.lang.reflect.Method.invoke(Method.java:565)
	at org.springframework.aop.support.AopUtils.invokeJoinpointUsingReflection(AopUtils.java:360)
	at org.springframework.aop.framework.CglibAopProxy$DynamicAdvisedInterceptor.intercept(CglibAopProxy.java:724)
	at br.ifmg.produto1_2026.service.AuthService$$SpringCGLIB$$0.createRecoverToken(<generated>)
	at br.ifmg.produto1_2026.resources.AuthResource.createRecoverToken(AuthResource.java:39)
	at java.base/jdk.internal.reflect.DirectMethodHandleAccessor.invoke(DirectMethodHandleAccessor.java:104)
	at java.base/java.lang.reflect.Method.invoke(Method.java:565)
	at org.springframework.web.method.support.InvocableHandlerMethod.doInvoke(InvocableHandlerMethod.java:258)
	at org.springframework.web.method.support.InvocableHandlerMethod.invokeForRequest(InvocableHandlerMethod.java:191)
	at org.springframework.web.servlet.mvc.method.annotation.ServletInvocableHandlerMethod.invokeAndHandle(ServletInvocableHandlerMethod.java:118)
	at org.springframework.web.servlet.mvc.method.annotation.RequestMappingHandlerAdapter.invokeHandlerMethod(RequestMappingHandlerAdapter.java:991)
	at org.springframework.web.servlet.mvc.method.annotation.RequestMappingHandlerAdapter.handleInternal(RequestMappingHandlerAdapter.java:896)
	at org.springframework.web.servlet.mvc.method.AbstractHandlerMethodAdapter.handle(AbstractHandlerMethodAdapter.java:87)
	at org.springframework.web.servlet.DispatcherServlet.doDispatch(DispatcherServlet.java:1089)
	at org.springframework.web.servlet.DispatcherServlet.doService(DispatcherServlet.java:979)
	at org.springframework.web.servlet.FrameworkServlet.processRequest(FrameworkServlet.java:1014)
	at org.springframework.web.servlet.FrameworkServlet.doPost(FrameworkServlet.java:914)
	at jakarta.servlet.http.HttpServlet.service(HttpServlet.java:590)
	at org.springframework.web.servlet.FrameworkServlet.service(FrameworkServlet.java:885)
	at jakarta.servlet.http.HttpServlet.service(HttpServlet.java:658)
	at org.apache.catalina.core.ApplicationFilterChain.internalDoFilter(ApplicationFilterChain.java:193)
	at org.apache.catalina.core.ApplicationFilterChain.doFilter(ApplicationFilterChain.java:138)
	at org.apache.tomcat.websocket.server.WsFilter.doFilter(WsFilter.java:51)
	at org.apache.catalina.core.ApplicationFilterChain.internalDoFilter(ApplicationFilterChain.java:162)
	at org.apache.catalina.core.ApplicationFilterChain.doFilter(ApplicationFilterChain.java:138)
	at org.springframework.web.filter.CompositeFilter$VirtualFilterChain.doFilter(CompositeFilter.java:108)
	at org.springframework.web.filter.CompositeFilter$VirtualFilterChain.doFilter(CompositeFilter.java:108)
	at org.springframework.security.web.FilterChainProxy.lambda$doFilterInternal$3(FilterChainProxy.java:231)
	at org.springframework.security.web.FilterChainProxy$VirtualFilterChain.doFilter(FilterChainProxy.java:365)
	at org.springframework.security.web.access.intercept.AuthorizationFilter.doFilter(AuthorizationFilter.java:101)
	at org.springframework.security.web.FilterChainProxy$VirtualFilterChain.doFilter(FilterChainProxy.java:374)
	at org.springframework.security.web.access.ExceptionTranslationFilter.doFilter(ExceptionTranslationFilter.java:125)
	at org.springframework.security.web.access.ExceptionTranslationFilter.doFilter(ExceptionTranslationFilter.java:119)
	at org.springframework.security.web.FilterChainProxy$VirtualFilterChain.doFilter(FilterChainProxy.java:374)
	at org.springframework.security.web.authentication.AnonymousAuthenticationFilter.doFilter(AnonymousAuthenticationFilter.java:100)
	at org.springframework.security.web.FilterChainProxy$VirtualFilterChain.doFilter(FilterChainProxy.java:374)
	at org.springframework.security.web.servletapi.SecurityContextHolderAwareRequestFilter.doFilter(SecurityContextHolderAwareRequestFilter.java:179)
	at org.springframework.security.web.FilterChainProxy$VirtualFilterChain.doFilter(FilterChainProxy.java:374)
	at org.springframework.security.web.savedrequest.RequestCacheAwareFilter.doFilter(RequestCacheAwareFilter.java:63)
	at org.springframework.security.web.FilterChainProxy$VirtualFilterChain.doFilter(FilterChainProxy.java:374)
	at org.springframework.security.web.authentication.AuthenticationFilter.doFilterInternal(AuthenticationFilter.java:177)
	at org.springframework.web.filter.OncePerRequestFilter.doFilter(OncePerRequestFilter.java:116)
	at org.springframework.security.web.FilterChainProxy$VirtualFilterChain.doFilter(FilterChainProxy.java:374)
	at org.springframework.security.oauth2.server.resource.web.authentication.BearerTokenAuthenticationFilter.doFilterInternal(BearerTokenAuthenticationFilter.java:135)
	at org.springframework.web.filter.OncePerRequestFilter.doFilter(OncePerRequestFilter.java:116)
	at org.springframework.security.web.FilterChainProxy$VirtualFilterChain.doFilter(FilterChainProxy.java:374)
	at org.springframework.security.web.authentication.logout.LogoutFilter.doFilter(LogoutFilter.java:107)
	at org.springframework.security.web.authentication.logout.LogoutFilter.doFilter(LogoutFilter.java:93)
	at org.springframework.security.web.FilterChainProxy$VirtualFilterChain.doFilter(FilterChainProxy.java:374)
	at org.springframework.web.filter.CorsFilter.doFilterInternal(CorsFilter.java:91)
	at org.springframework.web.filter.OncePerRequestFilter.doFilter(OncePerRequestFilter.java:116)
	at org.springframework.security.web.FilterChainProxy$VirtualFilterChain.doFilter(FilterChainProxy.java:374)
	at org.springframework.security.web.header.HeaderWriterFilter.doHeadersAfter(HeaderWriterFilter.java:90)
	at org.springframework.security.web.header.HeaderWriterFilter.doFilterInternal(HeaderWriterFilter.java:75)
	at org.springframework.web.filter.OncePerRequestFilter.doFilter(OncePerRequestFilter.java:116)
	at org.springframework.security.web.FilterChainProxy$VirtualFilterChain.doFilter(FilterChainProxy.java:374)
	at org.springframework.security.web.context.SecurityContextHolderFilter.doFilter(SecurityContextHolderFilter.java:82)
	at org.springframework.security.web.context.SecurityContextHolderFilter.doFilter(SecurityContextHolderFilter.java:69)
	at org.springframework.security.web.FilterChainProxy$VirtualFilterChain.doFilter(FilterChainProxy.java:374)
	at org.springframework.security.web.context.request.async.WebAsyncManagerIntegrationFilter.doFilterInternal(WebAsyncManagerIntegrationFilter.java:62)
	at org.springframework.web.filter.OncePerRequestFilter.doFilter(OncePerRequestFilter.java:116)
	at org.springframework.security.web.FilterChainProxy$VirtualFilterChain.doFilter(FilterChainProxy.java:374)
	at org.springframework.security.web.session.DisableEncodeUrlFilter.doFilterInternal(DisableEncodeUrlFilter.java:42)
	at org.springframework.web.filter.OncePerRequestFilter.doFilter(OncePerRequestFilter.java:116)
	at org.springframework.security.web.FilterChainProxy$VirtualFilterChain.doFilter(FilterChainProxy.java:374)
	at org.springframework.security.web.FilterChainProxy.doFilterInternal(FilterChainProxy.java:233)
	at org.springframework.security.web.FilterChainProxy.doFilter(FilterChainProxy.java:191)
	at org.springframework.web.filter.CompositeFilter$VirtualFilterChain.doFilter(CompositeFilter.java:113)
	at org.springframework.web.filter.ServletRequestPathFilter.doFilter(ServletRequestPathFilter.java:52)
	at org.springframework.web.filter.CompositeFilter$VirtualFilterChain.doFilter(CompositeFilter.java:113)
	at org.springframework.web.filter.CompositeFilter.doFilter(CompositeFilter.java:74)
	at org.springframework.security.config.annotation.web.configuration.WebSecurityConfiguration$CompositeFilterChainProxy.doFilter(WebSecurityConfiguration.java:319)
	at org.springframework.web.filter.CompositeFilter$VirtualFilterChain.doFilter(CompositeFilter.java:113)
	at org.springframework.web.servlet.handler.HandlerMappingIntrospector.lambda$createCacheFilter$4(HandlerMappingIntrospector.java:267)
	at org.springframework.web.filter.CompositeFilter$VirtualFilterChain.doFilter(CompositeFilter.java:113)
	at org.springframework.web.filter.CompositeFilter.doFilter(CompositeFilter.java:74)
	at org.springframework.security.config.annotation.web.configuration.WebMvcSecurityConfiguration$CompositeFilterChainProxy.doFilter(WebMvcSecurityConfiguration.java:240)
	at org.springframework.web.filter.DelegatingFilterProxy.invokeDelegate(DelegatingFilterProxy.java:362)
	at org.springframework.web.filter.DelegatingFilterProxy.doFilter(DelegatingFilterProxy.java:278)
	at org.apache.catalina.core.ApplicationFilterChain.internalDoFilter(ApplicationFilterChain.java:162)
	at org.apache.catalina.core.ApplicationFilterChain.doFilter(ApplicationFilterChain.java:138)
	at org.springframework.web.filter.RequestContextFilter.doFilterInternal(RequestContextFilter.java:100)
	at org.springframework.web.filter.OncePerRequestFilter.doFilter(OncePerRequestFilter.java:116)
	at org.apache.catalina.core.ApplicationFilterChain.internalDoFilter(ApplicationFilterChain.java:162)
	at org.apache.catalina.core.ApplicationFilterChain.doFilter(ApplicationFilterChain.java:138)
	at org.springframework.web.filter.FormContentFilter.doFilterInternal(FormContentFilter.java:93)
	at org.springframework.web.filter.OncePerRequestFilter.doFilter(OncePerRequestFilter.java:116)
	at org.apache.catalina.core.ApplicationFilterChain.internalDoFilter(ApplicationFilterChain.java:162)
	at org.apache.catalina.core.ApplicationFilterChain.doFilter(ApplicationFilterChain.java:138)
	at org.springframework.web.filter.CharacterEncodingFilter.doFilterInternal(CharacterEncodingFilter.java:201)
	at org.springframework.web.filter.OncePerRequestFilter.doFilter(OncePerRequestFilter.java:116)
	at org.apache.catalina.core.ApplicationFilterChain.internalDoFilter(ApplicationFilterChain.java:162)
	at org.apache.catalina.core.ApplicationFilterChain.doFilter(ApplicationFilterChain.java:138)
	at org.springframework.web.filter.CorsFilter.doFilterInternal(CorsFilter.java:91)
	at org.springframework.web.filter.OncePerRequestFilter.doFilter(OncePerRequestFilter.java:116)
	at org.apache.catalina.core.ApplicationFilterChain.internalDoFilter(ApplicationFilterChain.java:162)
	at org.apache.catalina.core.ApplicationFilterChain.doFilter(ApplicationFilterChain.java:138)
	at org.apache.catalina.core.StandardWrapperValve.invoke(StandardWrapperValve.java:165)
	at org.apache.catalina.core.StandardContextValve.invoke(StandardContextValve.java:88)
	at org.apache.catalina.authenticator.AuthenticatorBase.invoke(AuthenticatorBase.java:492)
	at org.apache.catalina.core.StandardHostValve.invoke(StandardHostValve.java:113)
	at org.apache.catalina.valves.ErrorReportValve.invoke(ErrorReportValve.java:83)
	at org.apache.catalina.core.StandardEngineValve.invoke(StandardEngineValve.java:72)
	at org.apache.catalina.connector.CoyoteAdapter.service(CoyoteAdapter.java:342)
	at org.apache.coyote.http11.Http11Processor.service(Http11Processor.java:399)
	at org.apache.coyote.AbstractProcessorLight.process(AbstractProcessorLight.java:63)
	at org.apache.coyote.AbstractProtocol$ConnectionHandler.process(AbstractProtocol.java:903)
	at org.apache.tomcat.util.net.NioEndpoint$SocketProcessor.doRun(NioEndpoint.java:1775)
	at org.apache.tomcat.util.net.SocketProcessorBase.run(SocketProcessorBase.java:52)
	at org.apache.tomcat.util.threads.ThreadPoolExecutor.runWorker(ThreadPoolExecutor.java:973)
	at org.apache.tomcat.util.threads.ThreadPoolExecutor$Worker.run(ThreadPoolExecutor.java:491)
	at org.apache.tomcat.util.threads.TaskThread$WrappingRunnable.run(TaskThread.java:63)
	at java.base/java.lang.Thread.run(Thread.java:1474)
2026-06-02 10:40:10.707 [SpringApplicationShutdownHook] INFO  >>> o.s.b.w.e.tomcat.GracefulShutdown - Commencing graceful shutdown. Waiting for active requests to complete
2026-06-02 10:40:10.712 [tomcat-shutdown] INFO  >>> o.s.b.w.e.tomcat.GracefulShutdown - Graceful shutdown complete
2026-06-02 10:40:10.717 [SpringApplicationShutdownHook] INFO  >>> o.s.o.j.LocalContainerEntityManagerFactoryBean - Closing JPA EntityManagerFactory for persistence unit 'default'
2026-06-02 10:40:10.718 [SpringApplicationShutdownHook] INFO  >>> com.zaxxer.hikari.HikariDataSource - HikariPool-1 - Shutdown initiated...
2026-06-02 10:40:10.724 [SpringApplicationShutdownHook] INFO  >>> com.zaxxer.hikari.HikariDataSource - HikariPool-1 - Shutdown completed.
2026-06-02 10:40:12.692 [background-preinit] INFO  >>> o.h.validator.internal.util.Version - HV000001: Hibernate Validator 8.0.3.Final
2026-06-02 10:40:12.732 [main] INFO  >>> b.i.p.Produto12026Application - Starting Produto12026Application using Java 25.0.2 with PID 9648 (C:\Users\kauan\Documents\Trabalhos IF\Atvs_BackEnd\produto1-2026\target\classes started by kauan in C:\Users\kauan\Documents\Trabalhos IF\Atvs_BackEnd\produto1-2026)
2026-06-02 10:40:12.733 [main] INFO  >>> b.i.p.Produto12026Application - The following 1 profile is active: "dev"
2026-06-02 10:40:13.385 [main] INFO  >>> o.s.d.r.c.RepositoryConfigurationDelegate - Bootstrapping Spring Data JPA repositories in DEFAULT mode.
2026-06-02 10:40:13.444 [main] INFO  >>> o.s.d.r.c.RepositoryConfigurationDelegate - Finished Spring Data repository scanning in 52 ms. Found 5 JPA repository interfaces.
2026-06-02 10:40:13.890 [main] INFO  >>> o.s.b.w.e.tomcat.TomcatWebServer - Tomcat initialized with port 8080 (http)
2026-06-02 10:40:13.911 [main] INFO  >>> o.a.coyote.http11.Http11NioProtocol - Initializing ProtocolHandler ["http-nio-8080"]
2026-06-02 10:40:13.913 [main] INFO  >>> o.a.catalina.core.StandardService - Starting service [Tomcat]
2026-06-02 10:40:13.913 [main] INFO  >>> o.a.catalina.core.StandardEngine - Starting Servlet engine: [Apache Tomcat/10.1.52]
2026-06-02 10:40:13.974 [main] INFO  >>> o.a.c.c.C.[Tomcat].[localhost].[/] - Initializing Spring embedded WebApplicationContext
2026-06-02 10:40:13.974 [main] INFO  >>> o.s.b.w.s.c.ServletWebServerApplicationContext - Root WebApplicationContext: initialization completed in 1206 ms
2026-06-02 10:40:14.248 [main] INFO  >>> com.zaxxer.hikari.HikariDataSource - HikariPool-1 - Starting...
2026-06-02 10:40:14.384 [main] INFO  >>> com.zaxxer.hikari.pool.HikariPool - HikariPool-1 - Added connection com.mysql.cj.jdbc.ConnectionImpl@1d8be7b9
2026-06-02 10:40:14.386 [main] INFO  >>> com.zaxxer.hikari.HikariDataSource - HikariPool-1 - Start completed.
2026-06-02 10:40:14.453 [main] INFO  >>> org.flywaydb.core.FlywayExecutor - Database: jdbc:mysql://localhost:3306/products?createDatabaseIfNotExist=true&allowPublicKeyRetrieval=true&useSSL=false&useTimezone=true&serverTimezone=UTC (MySQL 5.5)
2026-06-02 10:40:14.503 [main] INFO  >>> o.f.core.internal.command.DbValidate - Successfully validated 4 migrations (execution time 00:00.027s)
2026-06-02 10:40:14.514 [main] INFO  >>> o.f.core.internal.command.DbMigrate - Current version of schema `products`: 6
2026-06-02 10:40:14.514 [main] WARN  >>> o.f.core.internal.command.DbMigrate - outOfOrder mode is active. Migration of schema `products` may not be reproducible.
2026-06-02 10:40:14.517 [main] INFO  >>> o.f.core.internal.command.DbMigrate - Schema `products` is up to date. No migration necessary.
2026-06-02 10:40:14.585 [main] INFO  >>> o.h.jpa.internal.util.LogHelper - HHH000204: Processing PersistenceUnitInfo [name: default]
2026-06-02 10:40:14.628 [main] INFO  >>> org.hibernate.Version - HHH000412: Hibernate ORM core version 6.6.42.Final
2026-06-02 10:40:14.656 [main] INFO  >>> o.h.c.i.RegionFactoryInitiator - HHH000026: Second-level cache disabled
2026-06-02 10:40:14.883 [main] INFO  >>> o.s.o.j.p.SpringPersistenceUnitInfo - No LoadTimeWeaver setup: ignoring JPA class transformer
2026-06-02 10:40:14.925 [main] WARN  >>> org.hibernate.dialect.Dialect - HHH000511: The 5.5.5 version for [org.hibernate.dialect.MySQLDialect] is no longer supported, hence certain features may not work properly. The minimum supported version is 8.0.0. Check the community dialects project for available legacy versions.
2026-06-02 10:40:14.936 [main] INFO  >>> o.hibernate.orm.connections.pooling - HHH10001005: Database info:
	Database JDBC URL [Connecting through datasource 'HikariDataSource (HikariPool-1)']
	Database driver: undefined/unknown
	Database version: 5.5.5
	Autocommit mode: undefined/unknown
	Isolation level: undefined/unknown
	Minimum pool size: undefined/unknown
	Maximum pool size: undefined/unknown
2026-06-02 10:40:15.648 [main] INFO  >>> o.h.e.t.j.p.i.JtaPlatformInitiator - HHH000489: No JTA platform available (set 'hibernate.transaction.jta.platform' to enable JTA platform integration)
2026-06-02 10:40:15.664 [main] INFO  >>> o.s.o.j.LocalContainerEntityManagerFactoryBean - Initialized JPA EntityManagerFactory for persistence unit 'default'
2026-06-02 10:40:15.887 [main] INFO  >>> o.s.d.j.r.query.QueryEnhancerFactory - Hibernate is in classpath; If applicable, HQL parser will be used.
2026-06-02 10:40:16.392 [main] INFO  >>> o.s.s.c.a.a.c.InitializeUserDetailsBeanManagerConfigurer$InitializeUserDetailsManagerConfigurer - Global AuthenticationManager configured with UserDetailsService bean with name usuarioService
2026-06-02 10:40:18.555 [main] INFO  >>> o.s.b.a.h.H2ConsoleAutoConfiguration - H2 console available at '/h2-console'. Database available at 'jdbc:mysql://localhost:3306/products?createDatabaseIfNotExist=true&allowPublicKeyRetrieval=true&useSSL=false&useTimezone=true&serverTimezone=UTC'
2026-06-02 10:40:18.618 [main] INFO  >>> o.a.coyote.http11.Http11NioProtocol - Starting ProtocolHandler ["http-nio-8080"]
2026-06-02 10:40:18.630 [main] INFO  >>> o.s.b.w.e.tomcat.TomcatWebServer - Tomcat started on port 8080 (http) with context path '/'
2026-06-02 10:40:18.637 [main] INFO  >>> b.i.p.Produto12026Application - Started Produto12026Application in 6.375 seconds (process running for 7.005)
2026-06-02 10:40:18.704 [main] WARN  >>> o.s.c.events.SpringDocAppInitializer - SpringDoc /api-docs endpoint is enabled by default. To disable it in production, set the property 'springdoc.api-docs.enabled=false'
2026-06-02 10:40:18.704 [main] WARN  >>> o.s.c.events.SpringDocAppInitializer - SpringDoc /swagger-ui.html endpoint is enabled by default. To disable it in production, set the property 'springdoc.swagger-ui.enabled=false'
2026-06-02 10:40:23.255 [http-nio-8080-exec-3] INFO  >>> o.a.c.c.C.[Tomcat].[localhost].[/] - Initializing Spring DispatcherServlet 'dispatcherServlet'
2026-06-02 10:40:23.255 [http-nio-8080-exec-3] INFO  >>> o.s.web.servlet.DispatcherServlet - Initializing Servlet 'dispatcherServlet'
2026-06-02 10:40:23.256 [http-nio-8080-exec-3] INFO  >>> o.s.web.servlet.DispatcherServlet - Completed initialization in 1 ms
2026-06-02 10:40:39.373 [http-nio-8080-exec-3] ERROR >>> o.a.c.c.C.[.[.[.[dispatcherServlet] - Servlet.service() for servlet [dispatcherServlet] in context with path [] threw exception [Request processing failed: org.springframework.mail.MailAuthenticationException: Authentication failed] with root cause
jakarta.mail.AuthenticationFailedException: 535-5.7.8 Username and Password not accepted. For more information, go to
535 5.7.8  https://support.google.com/mail/?p=BadCredentials 956f58d0204a3-660699a0bf3sm5419000d50.14 - gsmtp

	at org.eclipse.angus.mail.smtp.SMTPTransport$Authenticator.authenticate(SMTPTransport.java:954)
	at org.eclipse.angus.mail.smtp.SMTPTransport.authenticate(SMTPTransport.java:865)
	at org.eclipse.angus.mail.smtp.SMTPTransport.protocolConnect(SMTPTransport.java:769)
	at jakarta.mail.Service.connect(Service.java:345)
	at org.springframework.mail.javamail.JavaMailSenderImpl.connectTransport(JavaMailSenderImpl.java:480)
	at org.springframework.mail.javamail.JavaMailSenderImpl.doSend(JavaMailSenderImpl.java:399)
	at org.springframework.mail.javamail.JavaMailSenderImpl.send(JavaMailSenderImpl.java:317)
	at org.springframework.mail.MailSender.send(MailSender.java:42)
	at br.ifmg.produto1_2026.service.EmailService.sendMail(EmailService.java:30)
	at br.ifmg.produto1_2026.service.AuthService.createRecoverToken(AuthService.java:97)
	at java.base/jdk.internal.reflect.DirectMethodHandleAccessor.invoke(DirectMethodHandleAccessor.java:104)
	at java.base/java.lang.reflect.Method.invoke(Method.java:565)
	at org.springframework.aop.support.AopUtils.invokeJoinpointUsingReflection(AopUtils.java:360)
	at org.springframework.aop.framework.CglibAopProxy$DynamicAdvisedInterceptor.intercept(CglibAopProxy.java:724)
	at br.ifmg.produto1_2026.service.AuthService$$SpringCGLIB$$0.createRecoverToken(<generated>)
	at br.ifmg.produto1_2026.resources.AuthResource.createRecoverToken(AuthResource.java:39)
	at java.base/jdk.internal.reflect.DirectMethodHandleAccessor.invoke(DirectMethodHandleAccessor.java:104)
	at java.base/java.lang.reflect.Method.invoke(Method.java:565)
	at org.springframework.web.method.support.InvocableHandlerMethod.doInvoke(InvocableHandlerMethod.java:258)
	at org.springframework.web.method.support.InvocableHandlerMethod.invokeForRequest(InvocableHandlerMethod.java:191)
	at org.springframework.web.servlet.mvc.method.annotation.ServletInvocableHandlerMethod.invokeAndHandle(ServletInvocableHandlerMethod.java:118)
	at org.springframework.web.servlet.mvc.method.annotation.RequestMappingHandlerAdapter.invokeHandlerMethod(RequestMappingHandlerAdapter.java:991)
	at org.springframework.web.servlet.mvc.method.annotation.RequestMappingHandlerAdapter.handleInternal(RequestMappingHandlerAdapter.java:896)
	at org.springframework.web.servlet.mvc.method.AbstractHandlerMethodAdapter.handle(AbstractHandlerMethodAdapter.java:87)
	at org.springframework.web.servlet.DispatcherServlet.doDispatch(DispatcherServlet.java:1089)
	at org.springframework.web.servlet.DispatcherServlet.doService(DispatcherServlet.java:979)
	at org.springframework.web.servlet.FrameworkServlet.processRequest(FrameworkServlet.java:1014)
	at org.springframework.web.servlet.FrameworkServlet.doPost(FrameworkServlet.java:914)
	at jakarta.servlet.http.HttpServlet.service(HttpServlet.java:590)
	at org.springframework.web.servlet.FrameworkServlet.service(FrameworkServlet.java:885)
	at jakarta.servlet.http.HttpServlet.service(HttpServlet.java:658)
	at org.apache.catalina.core.ApplicationFilterChain.internalDoFilter(ApplicationFilterChain.java:193)
	at org.apache.catalina.core.ApplicationFilterChain.doFilter(ApplicationFilterChain.java:138)
	at org.apache.tomcat.websocket.server.WsFilter.doFilter(WsFilter.java:51)
	at org.apache.catalina.core.ApplicationFilterChain.internalDoFilter(ApplicationFilterChain.java:162)
	at org.apache.catalina.core.ApplicationFilterChain.doFilter(ApplicationFilterChain.java:138)
	at org.springframework.web.filter.CompositeFilter$VirtualFilterChain.doFilter(CompositeFilter.java:108)
	at org.springframework.web.filter.CompositeFilter$VirtualFilterChain.doFilter(CompositeFilter.java:108)
	at org.springframework.security.web.FilterChainProxy.lambda$doFilterInternal$3(FilterChainProxy.java:231)
	at org.springframework.security.web.FilterChainProxy$VirtualFilterChain.doFilter(FilterChainProxy.java:365)
	at org.springframework.security.web.access.intercept.AuthorizationFilter.doFilter(AuthorizationFilter.java:101)
	at org.springframework.security.web.FilterChainProxy$VirtualFilterChain.doFilter(FilterChainProxy.java:374)
	at org.springframework.security.web.access.ExceptionTranslationFilter.doFilter(ExceptionTranslationFilter.java:125)
	at org.springframework.security.web.access.ExceptionTranslationFilter.doFilter(ExceptionTranslationFilter.java:119)
	at org.springframework.security.web.FilterChainProxy$VirtualFilterChain.doFilter(FilterChainProxy.java:374)
	at org.springframework.security.web.authentication.AnonymousAuthenticationFilter.doFilter(AnonymousAuthenticationFilter.java:100)
	at org.springframework.security.web.FilterChainProxy$VirtualFilterChain.doFilter(FilterChainProxy.java:374)
	at org.springframework.security.web.servletapi.SecurityContextHolderAwareRequestFilter.doFilter(SecurityContextHolderAwareRequestFilter.java:179)
	at org.springframework.security.web.FilterChainProxy$VirtualFilterChain.doFilter(FilterChainProxy.java:374)
	at org.springframework.security.web.savedrequest.RequestCacheAwareFilter.doFilter(RequestCacheAwareFilter.java:63)
	at org.springframework.security.web.FilterChainProxy$VirtualFilterChain.doFilter(FilterChainProxy.java:374)
	at org.springframework.security.web.authentication.AuthenticationFilter.doFilterInternal(AuthenticationFilter.java:177)
	at org.springframework.web.filter.OncePerRequestFilter.doFilter(OncePerRequestFilter.java:116)
	at org.springframework.security.web.FilterChainProxy$VirtualFilterChain.doFilter(FilterChainProxy.java:374)
	at org.springframework.security.oauth2.server.resource.web.authentication.BearerTokenAuthenticationFilter.doFilterInternal(BearerTokenAuthenticationFilter.java:135)
	at org.springframework.web.filter.OncePerRequestFilter.doFilter(OncePerRequestFilter.java:116)
	at org.springframework.security.web.FilterChainProxy$VirtualFilterChain.doFilter(FilterChainProxy.java:374)
	at org.springframework.security.web.authentication.logout.LogoutFilter.doFilter(LogoutFilter.java:107)
	at org.springframework.security.web.authentication.logout.LogoutFilter.doFilter(LogoutFilter.java:93)
	at org.springframework.security.web.FilterChainProxy$VirtualFilterChain.doFilter(FilterChainProxy.java:374)
	at org.springframework.web.filter.CorsFilter.doFilterInternal(CorsFilter.java:91)
	at org.springframework.web.filter.OncePerRequestFilter.doFilter(OncePerRequestFilter.java:116)
	at org.springframework.security.web.FilterChainProxy$VirtualFilterChain.doFilter(FilterChainProxy.java:374)
	at org.springframework.security.web.header.HeaderWriterFilter.doHeadersAfter(HeaderWriterFilter.java:90)
	at org.springframework.security.web.header.HeaderWriterFilter.doFilterInternal(HeaderWriterFilter.java:75)
	at org.springframework.web.filter.OncePerRequestFilter.doFilter(OncePerRequestFilter.java:116)
	at org.springframework.security.web.FilterChainProxy$VirtualFilterChain.doFilter(FilterChainProxy.java:374)
	at org.springframework.security.web.context.SecurityContextHolderFilter.doFilter(SecurityContextHolderFilter.java:82)
	at org.springframework.security.web.context.SecurityContextHolderFilter.doFilter(SecurityContextHolderFilter.java:69)
	at org.springframework.security.web.FilterChainProxy$VirtualFilterChain.doFilter(FilterChainProxy.java:374)
	at org.springframework.security.web.context.request.async.WebAsyncManagerIntegrationFilter.doFilterInternal(WebAsyncManagerIntegrationFilter.java:62)
	at org.springframework.web.filter.OncePerRequestFilter.doFilter(OncePerRequestFilter.java:116)
	at org.springframework.security.web.FilterChainProxy$VirtualFilterChain.doFilter(FilterChainProxy.java:374)
	at org.springframework.security.web.session.DisableEncodeUrlFilter.doFilterInternal(DisableEncodeUrlFilter.java:42)
	at org.springframework.web.filter.OncePerRequestFilter.doFilter(OncePerRequestFilter.java:116)
	at org.springframework.security.web.FilterChainProxy$VirtualFilterChain.doFilter(FilterChainProxy.java:374)
	at org.springframework.security.web.FilterChainProxy.doFilterInternal(FilterChainProxy.java:233)
	at org.springframework.security.web.FilterChainProxy.doFilter(FilterChainProxy.java:191)
	at org.springframework.web.filter.CompositeFilter$VirtualFilterChain.doFilter(CompositeFilter.java:113)
	at org.springframework.web.filter.ServletRequestPathFilter.doFilter(ServletRequestPathFilter.java:52)
	at org.springframework.web.filter.CompositeFilter$VirtualFilterChain.doFilter(CompositeFilter.java:113)
	at org.springframework.web.filter.CompositeFilter.doFilter(CompositeFilter.java:74)
	at org.springframework.security.config.annotation.web.configuration.WebSecurityConfiguration$CompositeFilterChainProxy.doFilter(WebSecurityConfiguration.java:319)
	at org.springframework.web.filter.CompositeFilter$VirtualFilterChain.doFilter(CompositeFilter.java:113)
	at org.springframework.web.servlet.handler.HandlerMappingIntrospector.lambda$createCacheFilter$4(HandlerMappingIntrospector.java:267)
	at org.springframework.web.filter.CompositeFilter$VirtualFilterChain.doFilter(CompositeFilter.java:113)
	at org.springframework.web.filter.CompositeFilter.doFilter(CompositeFilter.java:74)
	at org.springframework.security.config.annotation.web.configuration.WebMvcSecurityConfiguration$CompositeFilterChainProxy.doFilter(WebMvcSecurityConfiguration.java:240)
	at org.springframework.web.filter.DelegatingFilterProxy.invokeDelegate(DelegatingFilterProxy.java:362)
	at org.springframework.web.filter.DelegatingFilterProxy.doFilter(DelegatingFilterProxy.java:278)
	at org.apache.catalina.core.ApplicationFilterChain.internalDoFilter(ApplicationFilterChain.java:162)
	at org.apache.catalina.core.ApplicationFilterChain.doFilter(ApplicationFilterChain.java:138)
	at org.springframework.web.filter.RequestContextFilter.doFilterInternal(RequestContextFilter.java:100)
	at org.springframework.web.filter.OncePerRequestFilter.doFilter(OncePerRequestFilter.java:116)
	at org.apache.catalina.core.ApplicationFilterChain.internalDoFilter(ApplicationFilterChain.java:162)
	at org.apache.catalina.core.ApplicationFilterChain.doFilter(ApplicationFilterChain.java:138)
	at org.springframework.web.filter.FormContentFilter.doFilterInternal(FormContentFilter.java:93)
	at org.springframework.web.filter.OncePerRequestFilter.doFilter(OncePerRequestFilter.java:116)
	at org.apache.catalina.core.ApplicationFilterChain.internalDoFilter(ApplicationFilterChain.java:162)
	at org.apache.catalina.core.ApplicationFilterChain.doFilter(ApplicationFilterChain.java:138)
	at org.springframework.web.filter.CharacterEncodingFilter.doFilterInternal(CharacterEncodingFilter.java:201)
	at org.springframework.web.filter.OncePerRequestFilter.doFilter(OncePerRequestFilter.java:116)
	at org.apache.catalina.core.ApplicationFilterChain.internalDoFilter(ApplicationFilterChain.java:162)
	at org.apache.catalina.core.ApplicationFilterChain.doFilter(ApplicationFilterChain.java:138)
	at org.springframework.web.filter.CorsFilter.doFilterInternal(CorsFilter.java:91)
	at org.springframework.web.filter.OncePerRequestFilter.doFilter(OncePerRequestFilter.java:116)
	at org.apache.catalina.core.ApplicationFilterChain.internalDoFilter(ApplicationFilterChain.java:162)
	at org.apache.catalina.core.ApplicationFilterChain.doFilter(ApplicationFilterChain.java:138)
	at org.apache.catalina.core.StandardWrapperValve.invoke(StandardWrapperValve.java:165)
	at org.apache.catalina.core.StandardContextValve.invoke(StandardContextValve.java:88)
	at org.apache.catalina.authenticator.AuthenticatorBase.invoke(AuthenticatorBase.java:492)
	at org.apache.catalina.core.StandardHostValve.invoke(StandardHostValve.java:113)
	at org.apache.catalina.valves.ErrorReportValve.invoke(ErrorReportValve.java:83)
	at org.apache.catalina.core.StandardEngineValve.invoke(StandardEngineValve.java:72)
	at org.apache.catalina.connector.CoyoteAdapter.service(CoyoteAdapter.java:342)
	at org.apache.coyote.http11.Http11Processor.service(Http11Processor.java:399)
	at org.apache.coyote.AbstractProcessorLight.process(AbstractProcessorLight.java:63)
	at org.apache.coyote.AbstractProtocol$ConnectionHandler.process(AbstractProtocol.java:903)
	at org.apache.tomcat.util.net.NioEndpoint$SocketProcessor.doRun(NioEndpoint.java:1775)
	at org.apache.tomcat.util.net.SocketProcessorBase.run(SocketProcessorBase.java:52)
	at org.apache.tomcat.util.threads.ThreadPoolExecutor.runWorker(ThreadPoolExecutor.java:973)
	at org.apache.tomcat.util.threads.ThreadPoolExecutor$Worker.run(ThreadPoolExecutor.java:491)
	at org.apache.tomcat.util.threads.TaskThread$WrappingRunnable.run(TaskThread.java:63)
	at java.base/java.lang.Thread.run(Thread.java:1474)
2026-06-02 10:45:47.704 [SpringApplicationShutdownHook] INFO  >>> o.s.b.w.e.tomcat.GracefulShutdown - Commencing graceful shutdown. Waiting for active requests to complete
2026-06-02 10:45:47.711 [tomcat-shutdown] INFO  >>> o.s.b.w.e.tomcat.GracefulShutdown - Graceful shutdown complete
2026-06-02 10:45:47.717 [SpringApplicationShutdownHook] INFO  >>> o.s.o.j.LocalContainerEntityManagerFactoryBean - Closing JPA EntityManagerFactory for persistence unit 'default'
2026-06-02 10:45:47.721 [SpringApplicationShutdownHook] INFO  >>> com.zaxxer.hikari.HikariDataSource - HikariPool-1 - Shutdown initiated...
2026-06-02 10:45:47.728 [SpringApplicationShutdownHook] INFO  >>> com.zaxxer.hikari.HikariDataSource - HikariPool-1 - Shutdown completed.
2026-06-02 10:45:49.890 [background-preinit] INFO  >>> o.h.validator.internal.util.Version - HV000001: Hibernate Validator 8.0.3.Final
2026-06-02 10:45:49.923 [main] INFO  >>> b.i.p.Produto12026Application - Starting Produto12026Application using Java 25.0.2 with PID 692 (C:\Users\kauan\Documents\Trabalhos IF\Atvs_BackEnd\produto1-2026\target\classes started by kauan in C:\Users\kauan\Documents\Trabalhos IF\Atvs_BackEnd\produto1-2026)
2026-06-02 10:45:49.923 [main] INFO  >>> b.i.p.Produto12026Application - The following 1 profile is active: "dev"
2026-06-02 10:45:50.612 [main] INFO  >>> o.s.d.r.c.RepositoryConfigurationDelegate - Bootstrapping Spring Data JPA repositories in DEFAULT mode.
2026-06-02 10:45:50.671 [main] INFO  >>> o.s.d.r.c.RepositoryConfigurationDelegate - Finished Spring Data repository scanning in 50 ms. Found 5 JPA repository interfaces.
2026-06-02 10:45:51.170 [main] INFO  >>> o.s.b.w.e.tomcat.TomcatWebServer - Tomcat initialized with port 8080 (http)
2026-06-02 10:45:51.192 [main] INFO  >>> o.a.coyote.http11.Http11NioProtocol - Initializing ProtocolHandler ["http-nio-8080"]
2026-06-02 10:45:51.194 [main] INFO  >>> o.a.catalina.core.StandardService - Starting service [Tomcat]
2026-06-02 10:45:51.194 [main] INFO  >>> o.a.catalina.core.StandardEngine - Starting Servlet engine: [Apache Tomcat/10.1.52]
2026-06-02 10:45:51.254 [main] INFO  >>> o.a.c.c.C.[Tomcat].[localhost].[/] - Initializing Spring embedded WebApplicationContext
2026-06-02 10:45:51.254 [main] INFO  >>> o.s.b.w.s.c.ServletWebServerApplicationContext - Root WebApplicationContext: initialization completed in 1299 ms
2026-06-02 10:45:51.492 [main] INFO  >>> com.zaxxer.hikari.HikariDataSource - HikariPool-1 - Starting...
2026-06-02 10:45:51.617 [main] INFO  >>> com.zaxxer.hikari.pool.HikariPool - HikariPool-1 - Added connection com.mysql.cj.jdbc.ConnectionImpl@5b7ee56c
2026-06-02 10:45:51.618 [main] INFO  >>> com.zaxxer.hikari.HikariDataSource - HikariPool-1 - Start completed.
2026-06-02 10:45:51.687 [main] INFO  >>> org.flywaydb.core.FlywayExecutor - Database: jdbc:mysql://localhost:3306/products?createDatabaseIfNotExist=true&allowPublicKeyRetrieval=true&useSSL=false&useTimezone=true&serverTimezone=UTC (MySQL 5.5)
2026-06-02 10:45:51.745 [main] INFO  >>> o.f.core.internal.command.DbValidate - Successfully validated 4 migrations (execution time 00:00.035s)
2026-06-02 10:45:51.756 [main] INFO  >>> o.f.core.internal.command.DbMigrate - Current version of schema `products`: 6
2026-06-02 10:45:51.757 [main] WARN  >>> o.f.core.internal.command.DbMigrate - outOfOrder mode is active. Migration of schema `products` may not be reproducible.
2026-06-02 10:45:51.760 [main] INFO  >>> o.f.core.internal.command.DbMigrate - Schema `products` is up to date. No migration necessary.
2026-06-02 10:45:51.826 [main] INFO  >>> o.h.jpa.internal.util.LogHelper - HHH000204: Processing PersistenceUnitInfo [name: default]
2026-06-02 10:45:51.865 [main] INFO  >>> org.hibernate.Version - HHH000412: Hibernate ORM core version 6.6.42.Final
2026-06-02 10:45:51.891 [main] INFO  >>> o.h.c.i.RegionFactoryInitiator - HHH000026: Second-level cache disabled
2026-06-02 10:45:52.137 [main] INFO  >>> o.s.o.j.p.SpringPersistenceUnitInfo - No LoadTimeWeaver setup: ignoring JPA class transformer
2026-06-02 10:45:52.196 [main] WARN  >>> org.hibernate.dialect.Dialect - HHH000511: The 5.5.5 version for [org.hibernate.dialect.MySQLDialect] is no longer supported, hence certain features may not work properly. The minimum supported version is 8.0.0. Check the community dialects project for available legacy versions.
2026-06-02 10:45:52.211 [main] INFO  >>> o.hibernate.orm.connections.pooling - HHH10001005: Database info:
	Database JDBC URL [Connecting through datasource 'HikariDataSource (HikariPool-1)']
	Database driver: undefined/unknown
	Database version: 5.5.5
	Autocommit mode: undefined/unknown
	Isolation level: undefined/unknown
	Minimum pool size: undefined/unknown
	Maximum pool size: undefined/unknown
2026-06-02 10:45:53.094 [main] INFO  >>> o.h.e.t.j.p.i.JtaPlatformInitiator - HHH000489: No JTA platform available (set 'hibernate.transaction.jta.platform' to enable JTA platform integration)
2026-06-02 10:45:53.114 [main] INFO  >>> o.s.o.j.LocalContainerEntityManagerFactoryBean - Initialized JPA EntityManagerFactory for persistence unit 'default'
2026-06-02 10:45:53.358 [main] INFO  >>> o.s.d.j.r.query.QueryEnhancerFactory - Hibernate is in classpath; If applicable, HQL parser will be used.
2026-06-02 10:45:53.895 [main] INFO  >>> o.s.s.c.a.a.c.InitializeUserDetailsBeanManagerConfigurer$InitializeUserDetailsManagerConfigurer - Global AuthenticationManager configured with UserDetailsService bean with name usuarioService
2026-06-02 10:45:55.191 [main] INFO  >>> o.s.b.a.h.H2ConsoleAutoConfiguration - H2 console available at '/h2-console'. Database available at 'jdbc:mysql://localhost:3306/products?createDatabaseIfNotExist=true&allowPublicKeyRetrieval=true&useSSL=false&useTimezone=true&serverTimezone=UTC'
2026-06-02 10:45:55.262 [main] INFO  >>> o.a.coyote.http11.Http11NioProtocol - Starting ProtocolHandler ["http-nio-8080"]
2026-06-02 10:45:55.274 [main] INFO  >>> o.s.b.w.e.tomcat.TomcatWebServer - Tomcat started on port 8080 (http) with context path '/'
2026-06-02 10:45:55.281 [main] INFO  >>> b.i.p.Produto12026Application - Started Produto12026Application in 5.806 seconds (process running for 6.377)
2026-06-02 10:45:55.349 [main] WARN  >>> o.s.c.events.SpringDocAppInitializer - SpringDoc /api-docs endpoint is enabled by default. To disable it in production, set the property 'springdoc.api-docs.enabled=false'
2026-06-02 10:45:55.349 [main] WARN  >>> o.s.c.events.SpringDocAppInitializer - SpringDoc /swagger-ui.html endpoint is enabled by default. To disable it in production, set the property 'springdoc.swagger-ui.enabled=false'
2026-06-02 10:45:59.980 [http-nio-8080-exec-1] INFO  >>> o.a.c.c.C.[Tomcat].[localhost].[/] - Initializing Spring DispatcherServlet 'dispatcherServlet'
2026-06-02 10:45:59.981 [http-nio-8080-exec-1] INFO  >>> o.s.web.servlet.DispatcherServlet - Initializing Servlet 'dispatcherServlet'
2026-06-02 10:45:59.982 [http-nio-8080-exec-1] INFO  >>> o.s.web.servlet.DispatcherServlet - Completed initialization in 1 ms
2026-06-02 10:46:17.806 [http-nio-8080-exec-1] ERROR >>> o.a.c.c.C.[.[.[.[dispatcherServlet] - Servlet.service() for servlet [dispatcherServlet] in context with path [] threw exception [Request processing failed: org.springframework.mail.MailAuthenticationException: Authentication failed] with root cause
jakarta.mail.AuthenticationFailedException: 535-5.7.8 Username and Password not accepted. For more information, go to
535 5.7.8  https://support.google.com/mail/?p=BadCredentials 71dfb90a1353d-5a16abe3769sm5248318e0c.18 - gsmtp

	at org.eclipse.angus.mail.smtp.SMTPTransport$Authenticator.authenticate(SMTPTransport.java:954)
	at org.eclipse.angus.mail.smtp.SMTPTransport.authenticate(SMTPTransport.java:865)
	at org.eclipse.angus.mail.smtp.SMTPTransport.protocolConnect(SMTPTransport.java:769)
	at jakarta.mail.Service.connect(Service.java:345)
	at org.springframework.mail.javamail.JavaMailSenderImpl.connectTransport(JavaMailSenderImpl.java:480)
	at org.springframework.mail.javamail.JavaMailSenderImpl.doSend(JavaMailSenderImpl.java:399)
	at org.springframework.mail.javamail.JavaMailSenderImpl.send(JavaMailSenderImpl.java:317)
	at org.springframework.mail.MailSender.send(MailSender.java:42)
	at br.ifmg.produto1_2026.service.EmailService.sendMail(EmailService.java:30)
	at br.ifmg.produto1_2026.service.AuthService.createRecoverToken(AuthService.java:97)
	at java.base/jdk.internal.reflect.DirectMethodHandleAccessor.invoke(DirectMethodHandleAccessor.java:104)
	at java.base/java.lang.reflect.Method.invoke(Method.java:565)
	at org.springframework.aop.support.AopUtils.invokeJoinpointUsingReflection(AopUtils.java:360)
	at org.springframework.aop.framework.CglibAopProxy$DynamicAdvisedInterceptor.intercept(CglibAopProxy.java:724)
	at br.ifmg.produto1_2026.service.AuthService$$SpringCGLIB$$0.createRecoverToken(<generated>)
	at br.ifmg.produto1_2026.resources.AuthResource.createRecoverToken(AuthResource.java:39)
	at java.base/jdk.internal.reflect.DirectMethodHandleAccessor.invoke(DirectMethodHandleAccessor.java:104)
	at java.base/java.lang.reflect.Method.invoke(Method.java:565)
	at org.springframework.web.method.support.InvocableHandlerMethod.doInvoke(InvocableHandlerMethod.java:258)
	at org.springframework.web.method.support.InvocableHandlerMethod.invokeForRequest(InvocableHandlerMethod.java:191)
	at org.springframework.web.servlet.mvc.method.annotation.ServletInvocableHandlerMethod.invokeAndHandle(ServletInvocableHandlerMethod.java:118)
	at org.springframework.web.servlet.mvc.method.annotation.RequestMappingHandlerAdapter.invokeHandlerMethod(RequestMappingHandlerAdapter.java:991)
	at org.springframework.web.servlet.mvc.method.annotation.RequestMappingHandlerAdapter.handleInternal(RequestMappingHandlerAdapter.java:896)
	at org.springframework.web.servlet.mvc.method.AbstractHandlerMethodAdapter.handle(AbstractHandlerMethodAdapter.java:87)
	at org.springframework.web.servlet.DispatcherServlet.doDispatch(DispatcherServlet.java:1089)
	at org.springframework.web.servlet.DispatcherServlet.doService(DispatcherServlet.java:979)
	at org.springframework.web.servlet.FrameworkServlet.processRequest(FrameworkServlet.java:1014)
	at org.springframework.web.servlet.FrameworkServlet.doPost(FrameworkServlet.java:914)
	at jakarta.servlet.http.HttpServlet.service(HttpServlet.java:590)
	at org.springframework.web.servlet.FrameworkServlet.service(FrameworkServlet.java:885)
	at jakarta.servlet.http.HttpServlet.service(HttpServlet.java:658)
	at org.apache.catalina.core.ApplicationFilterChain.internalDoFilter(ApplicationFilterChain.java:193)
	at org.apache.catalina.core.ApplicationFilterChain.doFilter(ApplicationFilterChain.java:138)
	at org.apache.tomcat.websocket.server.WsFilter.doFilter(WsFilter.java:51)
	at org.apache.catalina.core.ApplicationFilterChain.internalDoFilter(ApplicationFilterChain.java:162)
	at org.apache.catalina.core.ApplicationFilterChain.doFilter(ApplicationFilterChain.java:138)
	at org.springframework.web.filter.CompositeFilter$VirtualFilterChain.doFilter(CompositeFilter.java:108)
	at org.springframework.web.filter.CompositeFilter$VirtualFilterChain.doFilter(CompositeFilter.java:108)
	at org.springframework.security.web.FilterChainProxy.lambda$doFilterInternal$3(FilterChainProxy.java:231)
	at org.springframework.security.web.FilterChainProxy$VirtualFilterChain.doFilter(FilterChainProxy.java:365)
	at org.springframework.security.web.access.intercept.AuthorizationFilter.doFilter(AuthorizationFilter.java:101)
	at org.springframework.security.web.FilterChainProxy$VirtualFilterChain.doFilter(FilterChainProxy.java:374)
	at org.springframework.security.web.access.ExceptionTranslationFilter.doFilter(ExceptionTranslationFilter.java:125)
	at org.springframework.security.web.access.ExceptionTranslationFilter.doFilter(ExceptionTranslationFilter.java:119)
	at org.springframework.security.web.FilterChainProxy$VirtualFilterChain.doFilter(FilterChainProxy.java:374)
	at org.springframework.security.web.authentication.AnonymousAuthenticationFilter.doFilter(AnonymousAuthenticationFilter.java:100)
	at org.springframework.security.web.FilterChainProxy$VirtualFilterChain.doFilter(FilterChainProxy.java:374)
	at org.springframework.security.web.servletapi.SecurityContextHolderAwareRequestFilter.doFilter(SecurityContextHolderAwareRequestFilter.java:179)
	at org.springframework.security.web.FilterChainProxy$VirtualFilterChain.doFilter(FilterChainProxy.java:374)
	at org.springframework.security.web.savedrequest.RequestCacheAwareFilter.doFilter(RequestCacheAwareFilter.java:63)
	at org.springframework.security.web.FilterChainProxy$VirtualFilterChain.doFilter(FilterChainProxy.java:374)
	at org.springframework.security.web.authentication.AuthenticationFilter.doFilterInternal(AuthenticationFilter.java:177)
	at org.springframework.web.filter.OncePerRequestFilter.doFilter(OncePerRequestFilter.java:116)
	at org.springframework.security.web.FilterChainProxy$VirtualFilterChain.doFilter(FilterChainProxy.java:374)
	at org.springframework.security.oauth2.server.resource.web.authentication.BearerTokenAuthenticationFilter.doFilterInternal(BearerTokenAuthenticationFilter.java:135)
	at org.springframework.web.filter.OncePerRequestFilter.doFilter(OncePerRequestFilter.java:116)
	at org.springframework.security.web.FilterChainProxy$VirtualFilterChain.doFilter(FilterChainProxy.java:374)
	at org.springframework.security.web.authentication.logout.LogoutFilter.doFilter(LogoutFilter.java:107)
	at org.springframework.security.web.authentication.logout.LogoutFilter.doFilter(LogoutFilter.java:93)
	at org.springframework.security.web.FilterChainProxy$VirtualFilterChain.doFilter(FilterChainProxy.java:374)
	at org.springframework.web.filter.CorsFilter.doFilterInternal(CorsFilter.java:91)
	at org.springframework.web.filter.OncePerRequestFilter.doFilter(OncePerRequestFilter.java:116)
	at org.springframework.security.web.FilterChainProxy$VirtualFilterChain.doFilter(FilterChainProxy.java:374)
	at org.springframework.security.web.header.HeaderWriterFilter.doHeadersAfter(HeaderWriterFilter.java:90)
	at org.springframework.security.web.header.HeaderWriterFilter.doFilterInternal(HeaderWriterFilter.java:75)
	at org.springframework.web.filter.OncePerRequestFilter.doFilter(OncePerRequestFilter.java:116)
	at org.springframework.security.web.FilterChainProxy$VirtualFilterChain.doFilter(FilterChainProxy.java:374)
	at org.springframework.security.web.context.SecurityContextHolderFilter.doFilter(SecurityContextHolderFilter.java:82)
	at org.springframework.security.web.context.SecurityContextHolderFilter.doFilter(SecurityContextHolderFilter.java:69)
	at org.springframework.security.web.FilterChainProxy$VirtualFilterChain.doFilter(FilterChainProxy.java:374)
	at org.springframework.security.web.context.request.async.WebAsyncManagerIntegrationFilter.doFilterInternal(WebAsyncManagerIntegrationFilter.java:62)
	at org.springframework.web.filter.OncePerRequestFilter.doFilter(OncePerRequestFilter.java:116)
	at org.springframework.security.web.FilterChainProxy$VirtualFilterChain.doFilter(FilterChainProxy.java:374)
	at org.springframework.security.web.session.DisableEncodeUrlFilter.doFilterInternal(DisableEncodeUrlFilter.java:42)
	at org.springframework.web.filter.OncePerRequestFilter.doFilter(OncePerRequestFilter.java:116)
	at org.springframework.security.web.FilterChainProxy$VirtualFilterChain.doFilter(FilterChainProxy.java:374)
	at org.springframework.security.web.FilterChainProxy.doFilterInternal(FilterChainProxy.java:233)
	at org.springframework.security.web.FilterChainProxy.doFilter(FilterChainProxy.java:191)
	at org.springframework.web.filter.CompositeFilter$VirtualFilterChain.doFilter(CompositeFilter.java:113)
	at org.springframework.web.filter.ServletRequestPathFilter.doFilter(ServletRequestPathFilter.java:52)
	at org.springframework.web.filter.CompositeFilter$VirtualFilterChain.doFilter(CompositeFilter.java:113)
	at org.springframework.web.filter.CompositeFilter.doFilter(CompositeFilter.java:74)
	at org.springframework.security.config.annotation.web.configuration.WebSecurityConfiguration$CompositeFilterChainProxy.doFilter(WebSecurityConfiguration.java:319)
	at org.springframework.web.filter.CompositeFilter$VirtualFilterChain.doFilter(CompositeFilter.java:113)
	at org.springframework.web.servlet.handler.HandlerMappingIntrospector.lambda$createCacheFilter$4(HandlerMappingIntrospector.java:267)
	at org.springframework.web.filter.CompositeFilter$VirtualFilterChain.doFilter(CompositeFilter.java:113)
	at org.springframework.web.filter.CompositeFilter.doFilter(CompositeFilter.java:74)
	at org.springframework.security.config.annotation.web.configuration.WebMvcSecurityConfiguration$CompositeFilterChainProxy.doFilter(WebMvcSecurityConfiguration.java:240)
	at org.springframework.web.filter.DelegatingFilterProxy.invokeDelegate(DelegatingFilterProxy.java:362)
	at org.springframework.web.filter.DelegatingFilterProxy.doFilter(DelegatingFilterProxy.java:278)
	at org.apache.catalina.core.ApplicationFilterChain.internalDoFilter(ApplicationFilterChain.java:162)
	at org.apache.catalina.core.ApplicationFilterChain.doFilter(ApplicationFilterChain.java:138)
	at org.springframework.web.filter.RequestContextFilter.doFilterInternal(RequestContextFilter.java:100)
	at org.springframework.web.filter.OncePerRequestFilter.doFilter(OncePerRequestFilter.java:116)
	at org.apache.catalina.core.ApplicationFilterChain.internalDoFilter(ApplicationFilterChain.java:162)
	at org.apache.catalina.core.ApplicationFilterChain.doFilter(ApplicationFilterChain.java:138)
	at org.springframework.web.filter.FormContentFilter.doFilterInternal(FormContentFilter.java:93)
	at org.springframework.web.filter.OncePerRequestFilter.doFilter(OncePerRequestFilter.java:116)
	at org.apache.catalina.core.ApplicationFilterChain.internalDoFilter(ApplicationFilterChain.java:162)
	at org.apache.catalina.core.ApplicationFilterChain.doFilter(ApplicationFilterChain.java:138)
	at org.springframework.web.filter.CharacterEncodingFilter.doFilterInternal(CharacterEncodingFilter.java:201)
	at org.springframework.web.filter.OncePerRequestFilter.doFilter(OncePerRequestFilter.java:116)
	at org.apache.catalina.core.ApplicationFilterChain.internalDoFilter(ApplicationFilterChain.java:162)
	at org.apache.catalina.core.ApplicationFilterChain.doFilter(ApplicationFilterChain.java:138)
	at org.springframework.web.filter.CorsFilter.doFilterInternal(CorsFilter.java:91)
	at org.springframework.web.filter.OncePerRequestFilter.doFilter(OncePerRequestFilter.java:116)
	at org.apache.catalina.core.ApplicationFilterChain.internalDoFilter(ApplicationFilterChain.java:162)
	at org.apache.catalina.core.ApplicationFilterChain.doFilter(ApplicationFilterChain.java:138)
	at org.apache.catalina.core.StandardWrapperValve.invoke(StandardWrapperValve.java:165)
	at org.apache.catalina.core.StandardContextValve.invoke(StandardContextValve.java:88)
	at org.apache.catalina.authenticator.AuthenticatorBase.invoke(AuthenticatorBase.java:492)
	at org.apache.catalina.core.StandardHostValve.invoke(StandardHostValve.java:113)
	at org.apache.catalina.valves.ErrorReportValve.invoke(ErrorReportValve.java:83)
	at org.apache.catalina.core.StandardEngineValve.invoke(StandardEngineValve.java:72)
	at org.apache.catalina.connector.CoyoteAdapter.service(CoyoteAdapter.java:342)
	at org.apache.coyote.http11.Http11Processor.service(Http11Processor.java:399)
	at org.apache.coyote.AbstractProcessorLight.process(AbstractProcessorLight.java:63)
	at org.apache.coyote.AbstractProtocol$ConnectionHandler.process(AbstractProtocol.java:903)
	at org.apache.tomcat.util.net.NioEndpoint$SocketProcessor.doRun(NioEndpoint.java:1775)
	at org.apache.tomcat.util.net.SocketProcessorBase.run(SocketProcessorBase.java:52)
	at org.apache.tomcat.util.threads.ThreadPoolExecutor.runWorker(ThreadPoolExecutor.java:973)
	at org.apache.tomcat.util.threads.ThreadPoolExecutor$Worker.run(ThreadPoolExecutor.java:491)
	at org.apache.tomcat.util.threads.TaskThread$WrappingRunnable.run(TaskThread.java:63)
	at java.base/java.lang.Thread.run(Thread.java:1474)
2026-06-02 10:47:30.053 [http-nio-8080-exec-9] ERROR >>> o.a.c.c.C.[.[.[.[dispatcherServlet] - Servlet.service() for servlet [dispatcherServlet] in context with path [] threw exception [Request processing failed: org.springframework.mail.MailAuthenticationException: Authentication failed] with root cause
jakarta.mail.AuthenticationFailedException: 535-5.7.8 Username and Password not accepted. For more information, go to
535 5.7.8  https://support.google.com/mail/?p=BadCredentials 71dfb90a1353d-5a4e880331csm1519714e0c.17 - gsmtp

	at org.eclipse.angus.mail.smtp.SMTPTransport$Authenticator.authenticate(SMTPTransport.java:954)
	at org.eclipse.angus.mail.smtp.SMTPTransport.authenticate(SMTPTransport.java:865)
	at org.eclipse.angus.mail.smtp.SMTPTransport.protocolConnect(SMTPTransport.java:769)
	at jakarta.mail.Service.connect(Service.java:345)
	at org.springframework.mail.javamail.JavaMailSenderImpl.connectTransport(JavaMailSenderImpl.java:480)
	at org.springframework.mail.javamail.JavaMailSenderImpl.doSend(JavaMailSenderImpl.java:399)
	at org.springframework.mail.javamail.JavaMailSenderImpl.send(JavaMailSenderImpl.java:317)
	at org.springframework.mail.MailSender.send(MailSender.java:42)
	at br.ifmg.produto1_2026.service.EmailService.sendMail(EmailService.java:30)
	at br.ifmg.produto1_2026.service.AuthService.createRecoverToken(AuthService.java:97)
	at java.base/jdk.internal.reflect.DirectMethodHandleAccessor.invoke(DirectMethodHandleAccessor.java:104)
	at java.base/java.lang.reflect.Method.invoke(Method.java:565)
	at org.springframework.aop.support.AopUtils.invokeJoinpointUsingReflection(AopUtils.java:360)
	at org.springframework.aop.framework.CglibAopProxy$DynamicAdvisedInterceptor.intercept(CglibAopProxy.java:724)
	at br.ifmg.produto1_2026.service.AuthService$$SpringCGLIB$$0.createRecoverToken(<generated>)
	at br.ifmg.produto1_2026.resources.AuthResource.createRecoverToken(AuthResource.java:39)
	at java.base/jdk.internal.reflect.DirectMethodHandleAccessor.invoke(DirectMethodHandleAccessor.java:104)
	at java.base/java.lang.reflect.Method.invoke(Method.java:565)
	at org.springframework.web.method.support.InvocableHandlerMethod.doInvoke(InvocableHandlerMethod.java:258)
	at org.springframework.web.method.support.InvocableHandlerMethod.invokeForRequest(InvocableHandlerMethod.java:191)
	at org.springframework.web.servlet.mvc.method.annotation.ServletInvocableHandlerMethod.invokeAndHandle(ServletInvocableHandlerMethod.java:118)
	at org.springframework.web.servlet.mvc.method.annotation.RequestMappingHandlerAdapter.invokeHandlerMethod(RequestMappingHandlerAdapter.java:991)
	at org.springframework.web.servlet.mvc.method.annotation.RequestMappingHandlerAdapter.handleInternal(RequestMappingHandlerAdapter.java:896)
	at org.springframework.web.servlet.mvc.method.AbstractHandlerMethodAdapter.handle(AbstractHandlerMethodAdapter.java:87)
	at org.springframework.web.servlet.DispatcherServlet.doDispatch(DispatcherServlet.java:1089)
	at org.springframework.web.servlet.DispatcherServlet.doService(DispatcherServlet.java:979)
	at org.springframework.web.servlet.FrameworkServlet.processRequest(FrameworkServlet.java:1014)
	at org.springframework.web.servlet.FrameworkServlet.doPost(FrameworkServlet.java:914)
	at jakarta.servlet.http.HttpServlet.service(HttpServlet.java:590)
	at org.springframework.web.servlet.FrameworkServlet.service(FrameworkServlet.java:885)
	at jakarta.servlet.http.HttpServlet.service(HttpServlet.java:658)
	at org.apache.catalina.core.ApplicationFilterChain.internalDoFilter(ApplicationFilterChain.java:193)
	at org.apache.catalina.core.ApplicationFilterChain.doFilter(ApplicationFilterChain.java:138)
	at org.apache.tomcat.websocket.server.WsFilter.doFilter(WsFilter.java:51)
	at org.apache.catalina.core.ApplicationFilterChain.internalDoFilter(ApplicationFilterChain.java:162)
	at org.apache.catalina.core.ApplicationFilterChain.doFilter(ApplicationFilterChain.java:138)
	at org.springframework.web.filter.CompositeFilter$VirtualFilterChain.doFilter(CompositeFilter.java:108)
	at org.springframework.web.filter.CompositeFilter$VirtualFilterChain.doFilter(CompositeFilter.java:108)
	at org.springframework.security.web.FilterChainProxy.lambda$doFilterInternal$3(FilterChainProxy.java:231)
	at org.springframework.security.web.FilterChainProxy$VirtualFilterChain.doFilter(FilterChainProxy.java:365)
	at org.springframework.security.web.access.intercept.AuthorizationFilter.doFilter(AuthorizationFilter.java:101)
	at org.springframework.security.web.FilterChainProxy$VirtualFilterChain.doFilter(FilterChainProxy.java:374)
	at org.springframework.security.web.access.ExceptionTranslationFilter.doFilter(ExceptionTranslationFilter.java:125)
	at org.springframework.security.web.access.ExceptionTranslationFilter.doFilter(ExceptionTranslationFilter.java:119)
	at org.springframework.security.web.FilterChainProxy$VirtualFilterChain.doFilter(FilterChainProxy.java:374)
	at org.springframework.security.web.authentication.AnonymousAuthenticationFilter.doFilter(AnonymousAuthenticationFilter.java:100)
	at org.springframework.security.web.FilterChainProxy$VirtualFilterChain.doFilter(FilterChainProxy.java:374)
	at org.springframework.security.web.servletapi.SecurityContextHolderAwareRequestFilter.doFilter(SecurityContextHolderAwareRequestFilter.java:179)
	at org.springframework.security.web.FilterChainProxy$VirtualFilterChain.doFilter(FilterChainProxy.java:374)
	at org.springframework.security.web.savedrequest.RequestCacheAwareFilter.doFilter(RequestCacheAwareFilter.java:63)
	at org.springframework.security.web.FilterChainProxy$VirtualFilterChain.doFilter(FilterChainProxy.java:374)
	at org.springframework.security.web.authentication.AuthenticationFilter.doFilterInternal(AuthenticationFilter.java:177)
	at org.springframework.web.filter.OncePerRequestFilter.doFilter(OncePerRequestFilter.java:116)
	at org.springframework.security.web.FilterChainProxy$VirtualFilterChain.doFilter(FilterChainProxy.java:374)
	at org.springframework.security.oauth2.server.resource.web.authentication.BearerTokenAuthenticationFilter.doFilterInternal(BearerTokenAuthenticationFilter.java:135)
	at org.springframework.web.filter.OncePerRequestFilter.doFilter(OncePerRequestFilter.java:116)
	at org.springframework.security.web.FilterChainProxy$VirtualFilterChain.doFilter(FilterChainProxy.java:374)
	at org.springframework.security.web.authentication.logout.LogoutFilter.doFilter(LogoutFilter.java:107)
	at org.springframework.security.web.authentication.logout.LogoutFilter.doFilter(LogoutFilter.java:93)
	at org.springframework.security.web.FilterChainProxy$VirtualFilterChain.doFilter(FilterChainProxy.java:374)
	at org.springframework.web.filter.CorsFilter.doFilterInternal(CorsFilter.java:91)
	at org.springframework.web.filter.OncePerRequestFilter.doFilter(OncePerRequestFilter.java:116)
	at org.springframework.security.web.FilterChainProxy$VirtualFilterChain.doFilter(FilterChainProxy.java:374)
	at org.springframework.security.web.header.HeaderWriterFilter.doHeadersAfter(HeaderWriterFilter.java:90)
	at org.springframework.security.web.header.HeaderWriterFilter.doFilterInternal(HeaderWriterFilter.java:75)
	at org.springframework.web.filter.OncePerRequestFilter.doFilter(OncePerRequestFilter.java:116)
	at org.springframework.security.web.FilterChainProxy$VirtualFilterChain.doFilter(FilterChainProxy.java:374)
	at org.springframework.security.web.context.SecurityContextHolderFilter.doFilter(SecurityContextHolderFilter.java:82)
	at org.springframework.security.web.context.SecurityContextHolderFilter.doFilter(SecurityContextHolderFilter.java:69)
	at org.springframework.security.web.FilterChainProxy$VirtualFilterChain.doFilter(FilterChainProxy.java:374)
	at org.springframework.security.web.context.request.async.WebAsyncManagerIntegrationFilter.doFilterInternal(WebAsyncManagerIntegrationFilter.java:62)
	at org.springframework.web.filter.OncePerRequestFilter.doFilter(OncePerRequestFilter.java:116)
	at org.springframework.security.web.FilterChainProxy$VirtualFilterChain.doFilter(FilterChainProxy.java:374)
	at org.springframework.security.web.session.DisableEncodeUrlFilter.doFilterInternal(DisableEncodeUrlFilter.java:42)
	at org.springframework.web.filter.OncePerRequestFilter.doFilter(OncePerRequestFilter.java:116)
	at org.springframework.security.web.FilterChainProxy$VirtualFilterChain.doFilter(FilterChainProxy.java:374)
	at org.springframework.security.web.FilterChainProxy.doFilterInternal(FilterChainProxy.java:233)
	at org.springframework.security.web.FilterChainProxy.doFilter(FilterChainProxy.java:191)
	at org.springframework.web.filter.CompositeFilter$VirtualFilterChain.doFilter(CompositeFilter.java:113)
	at org.springframework.web.filter.ServletRequestPathFilter.doFilter(ServletRequestPathFilter.java:52)
	at org.springframework.web.filter.CompositeFilter$VirtualFilterChain.doFilter(CompositeFilter.java:113)
	at org.springframework.web.filter.CompositeFilter.doFilter(CompositeFilter.java:74)
	at org.springframework.security.config.annotation.web.configuration.WebSecurityConfiguration$CompositeFilterChainProxy.doFilter(WebSecurityConfiguration.java:319)
	at org.springframework.web.filter.CompositeFilter$VirtualFilterChain.doFilter(CompositeFilter.java:113)
	at org.springframework.web.servlet.handler.HandlerMappingIntrospector.lambda$createCacheFilter$4(HandlerMappingIntrospector.java:267)
	at org.springframework.web.filter.CompositeFilter$VirtualFilterChain.doFilter(CompositeFilter.java:113)
	at org.springframework.web.filter.CompositeFilter.doFilter(CompositeFilter.java:74)
	at org.springframework.security.config.annotation.web.configuration.WebMvcSecurityConfiguration$CompositeFilterChainProxy.doFilter(WebMvcSecurityConfiguration.java:240)
	at org.springframework.web.filter.DelegatingFilterProxy.invokeDelegate(DelegatingFilterProxy.java:362)
	at org.springframework.web.filter.DelegatingFilterProxy.doFilter(DelegatingFilterProxy.java:278)
	at org.apache.catalina.core.ApplicationFilterChain.internalDoFilter(ApplicationFilterChain.java:162)
	at org.apache.catalina.core.ApplicationFilterChain.doFilter(ApplicationFilterChain.java:138)
	at org.springframework.web.filter.RequestContextFilter.doFilterInternal(RequestContextFilter.java:100)
	at org.springframework.web.filter.OncePerRequestFilter.doFilter(OncePerRequestFilter.java:116)
	at org.apache.catalina.core.ApplicationFilterChain.internalDoFilter(ApplicationFilterChain.java:162)
	at org.apache.catalina.core.ApplicationFilterChain.doFilter(ApplicationFilterChain.java:138)
	at org.springframework.web.filter.FormContentFilter.doFilterInternal(FormContentFilter.java:93)
	at org.springframework.web.filter.OncePerRequestFilter.doFilter(OncePerRequestFilter.java:116)
	at org.apache.catalina.core.ApplicationFilterChain.internalDoFilter(ApplicationFilterChain.java:162)
	at org.apache.catalina.core.ApplicationFilterChain.doFilter(ApplicationFilterChain.java:138)
	at org.springframework.web.filter.CharacterEncodingFilter.doFilterInternal(CharacterEncodingFilter.java:201)
	at org.springframework.web.filter.OncePerRequestFilter.doFilter(OncePerRequestFilter.java:116)
	at org.apache.catalina.core.ApplicationFilterChain.internalDoFilter(ApplicationFilterChain.java:162)
	at org.apache.catalina.core.ApplicationFilterChain.doFilter(ApplicationFilterChain.java:138)
	at org.springframework.web.filter.CorsFilter.doFilterInternal(CorsFilter.java:91)
	at org.springframework.web.filter.OncePerRequestFilter.doFilter(OncePerRequestFilter.java:116)
	at org.apache.catalina.core.ApplicationFilterChain.internalDoFilter(ApplicationFilterChain.java:162)
	at org.apache.catalina.core.ApplicationFilterChain.doFilter(ApplicationFilterChain.java:138)
	at org.apache.catalina.core.StandardWrapperValve.invoke(StandardWrapperValve.java:165)
	at org.apache.catalina.core.StandardContextValve.invoke(StandardContextValve.java:88)
	at org.apache.catalina.authenticator.AuthenticatorBase.invoke(AuthenticatorBase.java:492)
	at org.apache.catalina.core.StandardHostValve.invoke(StandardHostValve.java:113)
	at org.apache.catalina.valves.ErrorReportValve.invoke(ErrorReportValve.java:83)
	at org.apache.catalina.core.StandardEngineValve.invoke(StandardEngineValve.java:72)
	at org.apache.catalina.connector.CoyoteAdapter.service(CoyoteAdapter.java:342)
	at org.apache.coyote.http11.Http11Processor.service(Http11Processor.java:399)
	at org.apache.coyote.AbstractProcessorLight.process(AbstractProcessorLight.java:63)
	at org.apache.coyote.AbstractProtocol$ConnectionHandler.process(AbstractProtocol.java:903)
	at org.apache.tomcat.util.net.NioEndpoint$SocketProcessor.doRun(NioEndpoint.java:1775)
	at org.apache.tomcat.util.net.SocketProcessorBase.run(SocketProcessorBase.java:52)
	at org.apache.tomcat.util.threads.ThreadPoolExecutor.runWorker(ThreadPoolExecutor.java:973)
	at org.apache.tomcat.util.threads.ThreadPoolExecutor$Worker.run(ThreadPoolExecutor.java:491)
	at org.apache.tomcat.util.threads.TaskThread$WrappingRunnable.run(TaskThread.java:63)
	at java.base/java.lang.Thread.run(Thread.java:1474)
2026-06-02 10:55:22.293 [http-nio-8080-exec-4] ERROR >>> o.a.c.c.C.[.[.[.[dispatcherServlet] - Servlet.service() for servlet [dispatcherServlet] in context with path [] threw exception [Request processing failed: org.springframework.mail.MailAuthenticationException: Authentication failed] with root cause
jakarta.mail.AuthenticationFailedException: 535-5.7.8 Username and Password not accepted. For more information, go to
535 5.7.8  https://support.google.com/mail/?p=BadCredentials 5a478bee46e88-304ed2bdda4sm10673237eec.2 - gsmtp

	at org.eclipse.angus.mail.smtp.SMTPTransport$Authenticator.authenticate(SMTPTransport.java:954)
	at org.eclipse.angus.mail.smtp.SMTPTransport.authenticate(SMTPTransport.java:865)
	at org.eclipse.angus.mail.smtp.SMTPTransport.protocolConnect(SMTPTransport.java:769)
	at jakarta.mail.Service.connect(Service.java:345)
	at org.springframework.mail.javamail.JavaMailSenderImpl.connectTransport(JavaMailSenderImpl.java:480)
	at org.springframework.mail.javamail.JavaMailSenderImpl.doSend(JavaMailSenderImpl.java:399)
	at org.springframework.mail.javamail.JavaMailSenderImpl.send(JavaMailSenderImpl.java:317)
	at org.springframework.mail.MailSender.send(MailSender.java:42)
	at br.ifmg.produto1_2026.service.EmailService.sendMail(EmailService.java:30)
	at br.ifmg.produto1_2026.service.AuthService.createRecoverToken(AuthService.java:97)
	at java.base/jdk.internal.reflect.DirectMethodHandleAccessor.invoke(DirectMethodHandleAccessor.java:104)
	at java.base/java.lang.reflect.Method.invoke(Method.java:565)
	at org.springframework.aop.support.AopUtils.invokeJoinpointUsingReflection(AopUtils.java:360)
	at org.springframework.aop.framework.CglibAopProxy$DynamicAdvisedInterceptor.intercept(CglibAopProxy.java:724)
	at br.ifmg.produto1_2026.service.AuthService$$SpringCGLIB$$0.createRecoverToken(<generated>)
	at br.ifmg.produto1_2026.resources.AuthResource.createRecoverToken(AuthResource.java:39)
	at java.base/jdk.internal.reflect.DirectMethodHandleAccessor.invoke(DirectMethodHandleAccessor.java:104)
	at java.base/java.lang.reflect.Method.invoke(Method.java:565)
	at org.springframework.web.method.support.InvocableHandlerMethod.doInvoke(InvocableHandlerMethod.java:258)
	at org.springframework.web.method.support.InvocableHandlerMethod.invokeForRequest(InvocableHandlerMethod.java:191)
	at org.springframework.web.servlet.mvc.method.annotation.ServletInvocableHandlerMethod.invokeAndHandle(ServletInvocableHandlerMethod.java:118)
	at org.springframework.web.servlet.mvc.method.annotation.RequestMappingHandlerAdapter.invokeHandlerMethod(RequestMappingHandlerAdapter.java:991)
	at org.springframework.web.servlet.mvc.method.annotation.RequestMappingHandlerAdapter.handleInternal(RequestMappingHandlerAdapter.java:896)
	at org.springframework.web.servlet.mvc.method.AbstractHandlerMethodAdapter.handle(AbstractHandlerMethodAdapter.java:87)
	at org.springframework.web.servlet.DispatcherServlet.doDispatch(DispatcherServlet.java:1089)
	at org.springframework.web.servlet.DispatcherServlet.doService(DispatcherServlet.java:979)
	at org.springframework.web.servlet.FrameworkServlet.processRequest(FrameworkServlet.java:1014)
	at org.springframework.web.servlet.FrameworkServlet.doPost(FrameworkServlet.java:914)
	at jakarta.servlet.http.HttpServlet.service(HttpServlet.java:590)
	at org.springframework.web.servlet.FrameworkServlet.service(FrameworkServlet.java:885)
	at jakarta.servlet.http.HttpServlet.service(HttpServlet.java:658)
	at org.apache.catalina.core.ApplicationFilterChain.internalDoFilter(ApplicationFilterChain.java:193)
	at org.apache.catalina.core.ApplicationFilterChain.doFilter(ApplicationFilterChain.java:138)
	at org.apache.tomcat.websocket.server.WsFilter.doFilter(WsFilter.java:51)
	at org.apache.catalina.core.ApplicationFilterChain.internalDoFilter(ApplicationFilterChain.java:162)
	at org.apache.catalina.core.ApplicationFilterChain.doFilter(ApplicationFilterChain.java:138)
	at org.springframework.web.filter.CompositeFilter$VirtualFilterChain.doFilter(CompositeFilter.java:108)
	at org.springframework.web.filter.CompositeFilter$VirtualFilterChain.doFilter(CompositeFilter.java:108)
	at org.springframework.security.web.FilterChainProxy.lambda$doFilterInternal$3(FilterChainProxy.java:231)
	at org.springframework.security.web.FilterChainProxy$VirtualFilterChain.doFilter(FilterChainProxy.java:365)
	at org.springframework.security.web.access.intercept.AuthorizationFilter.doFilter(AuthorizationFilter.java:101)
	at org.springframework.security.web.FilterChainProxy$VirtualFilterChain.doFilter(FilterChainProxy.java:374)
	at org.springframework.security.web.access.ExceptionTranslationFilter.doFilter(ExceptionTranslationFilter.java:125)
	at org.springframework.security.web.access.ExceptionTranslationFilter.doFilter(ExceptionTranslationFilter.java:119)
	at org.springframework.security.web.FilterChainProxy$VirtualFilterChain.doFilter(FilterChainProxy.java:374)
	at org.springframework.security.web.authentication.AnonymousAuthenticationFilter.doFilter(AnonymousAuthenticationFilter.java:100)
	at org.springframework.security.web.FilterChainProxy$VirtualFilterChain.doFilter(FilterChainProxy.java:374)
	at org.springframework.security.web.servletapi.SecurityContextHolderAwareRequestFilter.doFilter(SecurityContextHolderAwareRequestFilter.java:179)
	at org.springframework.security.web.FilterChainProxy$VirtualFilterChain.doFilter(FilterChainProxy.java:374)
	at org.springframework.security.web.savedrequest.RequestCacheAwareFilter.doFilter(RequestCacheAwareFilter.java:63)
	at org.springframework.security.web.FilterChainProxy$VirtualFilterChain.doFilter(FilterChainProxy.java:374)
	at org.springframework.security.web.authentication.AuthenticationFilter.doFilterInternal(AuthenticationFilter.java:177)
	at org.springframework.web.filter.OncePerRequestFilter.doFilter(OncePerRequestFilter.java:116)
	at org.springframework.security.web.FilterChainProxy$VirtualFilterChain.doFilter(FilterChainProxy.java:374)
	at org.springframework.security.oauth2.server.resource.web.authentication.BearerTokenAuthenticationFilter.doFilterInternal(BearerTokenAuthenticationFilter.java:135)
	at org.springframework.web.filter.OncePerRequestFilter.doFilter(OncePerRequestFilter.java:116)
	at org.springframework.security.web.FilterChainProxy$VirtualFilterChain.doFilter(FilterChainProxy.java:374)
	at org.springframework.security.web.authentication.logout.LogoutFilter.doFilter(LogoutFilter.java:107)
	at org.springframework.security.web.authentication.logout.LogoutFilter.doFilter(LogoutFilter.java:93)
	at org.springframework.security.web.FilterChainProxy$VirtualFilterChain.doFilter(FilterChainProxy.java:374)
	at org.springframework.web.filter.CorsFilter.doFilterInternal(CorsFilter.java:91)
	at org.springframework.web.filter.OncePerRequestFilter.doFilter(OncePerRequestFilter.java:116)
	at org.springframework.security.web.FilterChainProxy$VirtualFilterChain.doFilter(FilterChainProxy.java:374)
	at org.springframework.security.web.header.HeaderWriterFilter.doHeadersAfter(HeaderWriterFilter.java:90)
	at org.springframework.security.web.header.HeaderWriterFilter.doFilterInternal(HeaderWriterFilter.java:75)
	at org.springframework.web.filter.OncePerRequestFilter.doFilter(OncePerRequestFilter.java:116)
	at org.springframework.security.web.FilterChainProxy$VirtualFilterChain.doFilter(FilterChainProxy.java:374)
	at org.springframework.security.web.context.SecurityContextHolderFilter.doFilter(SecurityContextHolderFilter.java:82)
	at org.springframework.security.web.context.SecurityContextHolderFilter.doFilter(SecurityContextHolderFilter.java:69)
	at org.springframework.security.web.FilterChainProxy$VirtualFilterChain.doFilter(FilterChainProxy.java:374)
	at org.springframework.security.web.context.request.async.WebAsyncManagerIntegrationFilter.doFilterInternal(WebAsyncManagerIntegrationFilter.java:62)
	at org.springframework.web.filter.OncePerRequestFilter.doFilter(OncePerRequestFilter.java:116)
	at org.springframework.security.web.FilterChainProxy$VirtualFilterChain.doFilter(FilterChainProxy.java:374)
	at org.springframework.security.web.session.DisableEncodeUrlFilter.doFilterInternal(DisableEncodeUrlFilter.java:42)
	at org.springframework.web.filter.OncePerRequestFilter.doFilter(OncePerRequestFilter.java:116)
	at org.springframework.security.web.FilterChainProxy$VirtualFilterChain.doFilter(FilterChainProxy.java:374)
	at org.springframework.security.web.FilterChainProxy.doFilterInternal(FilterChainProxy.java:233)
	at org.springframework.security.web.FilterChainProxy.doFilter(FilterChainProxy.java:191)
	at org.springframework.web.filter.CompositeFilter$VirtualFilterChain.doFilter(CompositeFilter.java:113)
	at org.springframework.web.filter.ServletRequestPathFilter.doFilter(ServletRequestPathFilter.java:52)
	at org.springframework.web.filter.CompositeFilter$VirtualFilterChain.doFilter(CompositeFilter.java:113)
	at org.springframework.web.filter.CompositeFilter.doFilter(CompositeFilter.java:74)
	at org.springframework.security.config.annotation.web.configuration.WebSecurityConfiguration$CompositeFilterChainProxy.doFilter(WebSecurityConfiguration.java:319)
	at org.springframework.web.filter.CompositeFilter$VirtualFilterChain.doFilter(CompositeFilter.java:113)
	at org.springframework.web.servlet.handler.HandlerMappingIntrospector.lambda$createCacheFilter$4(HandlerMappingIntrospector.java:267)
	at org.springframework.web.filter.CompositeFilter$VirtualFilterChain.doFilter(CompositeFilter.java:113)
	at org.springframework.web.filter.CompositeFilter.doFilter(CompositeFilter.java:74)
	at org.springframework.security.config.annotation.web.configuration.WebMvcSecurityConfiguration$CompositeFilterChainProxy.doFilter(WebMvcSecurityConfiguration.java:240)
	at org.springframework.web.filter.DelegatingFilterProxy.invokeDelegate(DelegatingFilterProxy.java:362)
	at org.springframework.web.filter.DelegatingFilterProxy.doFilter(DelegatingFilterProxy.java:278)
	at org.apache.catalina.core.ApplicationFilterChain.internalDoFilter(ApplicationFilterChain.java:162)
	at org.apache.catalina.core.ApplicationFilterChain.doFilter(ApplicationFilterChain.java:138)
	at org.springframework.web.filter.RequestContextFilter.doFilterInternal(RequestContextFilter.java:100)
	at org.springframework.web.filter.OncePerRequestFilter.doFilter(OncePerRequestFilter.java:116)
	at org.apache.catalina.core.ApplicationFilterChain.internalDoFilter(ApplicationFilterChain.java:162)
	at org.apache.catalina.core.ApplicationFilterChain.doFilter(ApplicationFilterChain.java:138)
	at org.springframework.web.filter.FormContentFilter.doFilterInternal(FormContentFilter.java:93)
	at org.springframework.web.filter.OncePerRequestFilter.doFilter(OncePerRequestFilter.java:116)
	at org.apache.catalina.core.ApplicationFilterChain.internalDoFilter(ApplicationFilterChain.java:162)
	at org.apache.catalina.core.ApplicationFilterChain.doFilter(ApplicationFilterChain.java:138)
	at org.springframework.web.filter.CharacterEncodingFilter.doFilterInternal(CharacterEncodingFilter.java:201)
	at org.springframework.web.filter.OncePerRequestFilter.doFilter(OncePerRequestFilter.java:116)
	at org.apache.catalina.core.ApplicationFilterChain.internalDoFilter(ApplicationFilterChain.java:162)
	at org.apache.catalina.core.ApplicationFilterChain.doFilter(ApplicationFilterChain.java:138)
	at org.springframework.web.filter.CorsFilter.doFilterInternal(CorsFilter.java:91)
	at org.springframework.web.filter.OncePerRequestFilter.doFilter(OncePerRequestFilter.java:116)
	at org.apache.catalina.core.ApplicationFilterChain.internalDoFilter(ApplicationFilterChain.java:162)
	at org.apache.catalina.core.ApplicationFilterChain.doFilter(ApplicationFilterChain.java:138)
	at org.apache.catalina.core.StandardWrapperValve.invoke(StandardWrapperValve.java:165)
	at org.apache.catalina.core.StandardContextValve.invoke(StandardContextValve.java:88)
	at org.apache.catalina.authenticator.AuthenticatorBase.invoke(AuthenticatorBase.java:492)
	at org.apache.catalina.core.StandardHostValve.invoke(StandardHostValve.java:113)
	at org.apache.catalina.valves.ErrorReportValve.invoke(ErrorReportValve.java:83)
	at org.apache.catalina.core.StandardEngineValve.invoke(StandardEngineValve.java:72)
	at org.apache.catalina.connector.CoyoteAdapter.service(CoyoteAdapter.java:342)
	at org.apache.coyote.http11.Http11Processor.service(Http11Processor.java:399)
	at org.apache.coyote.AbstractProcessorLight.process(AbstractProcessorLight.java:63)
	at org.apache.coyote.AbstractProtocol$ConnectionHandler.process(AbstractProtocol.java:903)
	at org.apache.tomcat.util.net.NioEndpoint$SocketProcessor.doRun(NioEndpoint.java:1775)
	at org.apache.tomcat.util.net.SocketProcessorBase.run(SocketProcessorBase.java:52)
	at org.apache.tomcat.util.threads.ThreadPoolExecutor.runWorker(ThreadPoolExecutor.java:973)
	at org.apache.tomcat.util.threads.ThreadPoolExecutor$Worker.run(ThreadPoolExecutor.java:491)
	at org.apache.tomcat.util.threads.TaskThread$WrappingRunnable.run(TaskThread.java:63)
	at java.base/java.lang.Thread.run(Thread.java:1474)
2026-06-02 10:56:17.423 [SpringApplicationShutdownHook] INFO  >>> o.s.b.w.e.tomcat.GracefulShutdown - Commencing graceful shutdown. Waiting for active requests to complete
2026-06-02 10:56:17.431 [tomcat-shutdown] INFO  >>> o.s.b.w.e.tomcat.GracefulShutdown - Graceful shutdown complete
2026-06-02 10:56:17.439 [SpringApplicationShutdownHook] INFO  >>> o.s.o.j.LocalContainerEntityManagerFactoryBean - Closing JPA EntityManagerFactory for persistence unit 'default'
2026-06-02 10:56:17.445 [SpringApplicationShutdownHook] INFO  >>> com.zaxxer.hikari.HikariDataSource - HikariPool-1 - Shutdown initiated...
2026-06-02 10:56:17.451 [SpringApplicationShutdownHook] INFO  >>> com.zaxxer.hikari.HikariDataSource - HikariPool-1 - Shutdown completed.
2026-06-02 10:56:33.726 [background-preinit] INFO  >>> o.h.validator.internal.util.Version - HV000001: Hibernate Validator 8.0.3.Final
2026-06-02 10:56:33.767 [main] INFO  >>> b.i.p.Produto12026Application - Starting Produto12026Application using Java 25.0.2 with PID 21008 (C:\Users\kauan\Documents\Trabalhos IF\Atvs_BackEnd\produto1-2026\target\classes started by kauan in C:\Users\kauan\Documents\Trabalhos IF\Atvs_BackEnd\produto1-2026)
2026-06-02 10:56:33.768 [main] INFO  >>> b.i.p.Produto12026Application - The following 1 profile is active: "dev"
2026-06-02 10:56:34.508 [main] INFO  >>> o.s.d.r.c.RepositoryConfigurationDelegate - Bootstrapping Spring Data JPA repositories in DEFAULT mode.
2026-06-02 10:56:34.566 [main] INFO  >>> o.s.d.r.c.RepositoryConfigurationDelegate - Finished Spring Data repository scanning in 49 ms. Found 5 JPA repository interfaces.
2026-06-02 10:56:35.089 [main] INFO  >>> o.s.b.w.e.tomcat.TomcatWebServer - Tomcat initialized with port 8080 (http)
2026-06-02 10:56:35.112 [main] INFO  >>> o.a.coyote.http11.Http11NioProtocol - Initializing ProtocolHandler ["http-nio-8080"]
2026-06-02 10:56:35.113 [main] INFO  >>> o.a.catalina.core.StandardService - Starting service [Tomcat]
2026-06-02 10:56:35.114 [main] INFO  >>> o.a.catalina.core.StandardEngine - Starting Servlet engine: [Apache Tomcat/10.1.52]
2026-06-02 10:56:35.192 [main] INFO  >>> o.a.c.c.C.[Tomcat].[localhost].[/] - Initializing Spring embedded WebApplicationContext
2026-06-02 10:56:35.193 [main] INFO  >>> o.s.b.w.s.c.ServletWebServerApplicationContext - Root WebApplicationContext: initialization completed in 1384 ms
2026-06-02 10:56:35.449 [main] INFO  >>> com.zaxxer.hikari.HikariDataSource - HikariPool-1 - Starting...
2026-06-02 10:56:35.564 [main] INFO  >>> com.zaxxer.hikari.pool.HikariPool - HikariPool-1 - Added connection com.mysql.cj.jdbc.ConnectionImpl@3de8f85c
2026-06-02 10:56:35.566 [main] INFO  >>> com.zaxxer.hikari.HikariDataSource - HikariPool-1 - Start completed.
2026-06-02 10:56:35.622 [main] INFO  >>> org.flywaydb.core.FlywayExecutor - Database: jdbc:mysql://localhost:3306/products?createDatabaseIfNotExist=true&allowPublicKeyRetrieval=true&useSSL=false&useTimezone=true&serverTimezone=UTC (MySQL 5.5)
2026-06-02 10:56:35.662 [main] INFO  >>> o.f.core.internal.command.DbValidate - Successfully validated 4 migrations (execution time 00:00.024s)
2026-06-02 10:56:35.676 [main] INFO  >>> o.f.core.internal.command.DbMigrate - Current version of schema `products`: 6
2026-06-02 10:56:35.676 [main] WARN  >>> o.f.core.internal.command.DbMigrate - outOfOrder mode is active. Migration of schema `products` may not be reproducible.
2026-06-02 10:56:35.679 [main] INFO  >>> o.f.core.internal.command.DbMigrate - Schema `products` is up to date. No migration necessary.
2026-06-02 10:56:35.748 [main] INFO  >>> o.h.jpa.internal.util.LogHelper - HHH000204: Processing PersistenceUnitInfo [name: default]
2026-06-02 10:56:35.789 [main] INFO  >>> org.hibernate.Version - HHH000412: Hibernate ORM core version 6.6.42.Final
2026-06-02 10:56:35.814 [main] INFO  >>> o.h.c.i.RegionFactoryInitiator - HHH000026: Second-level cache disabled
2026-06-02 10:56:36.054 [main] INFO  >>> o.s.o.j.p.SpringPersistenceUnitInfo - No LoadTimeWeaver setup: ignoring JPA class transformer
2026-06-02 10:56:36.114 [main] WARN  >>> org.hibernate.dialect.Dialect - HHH000511: The 5.5.5 version for [org.hibernate.dialect.MySQLDialect] is no longer supported, hence certain features may not work properly. The minimum supported version is 8.0.0. Check the community dialects project for available legacy versions.
2026-06-02 10:56:36.132 [main] INFO  >>> o.hibernate.orm.connections.pooling - HHH10001005: Database info:
	Database JDBC URL [Connecting through datasource 'HikariDataSource (HikariPool-1)']
	Database driver: undefined/unknown
	Database version: 5.5.5
	Autocommit mode: undefined/unknown
	Isolation level: undefined/unknown
	Minimum pool size: undefined/unknown
	Maximum pool size: undefined/unknown
2026-06-02 10:56:37.050 [main] INFO  >>> o.h.e.t.j.p.i.JtaPlatformInitiator - HHH000489: No JTA platform available (set 'hibernate.transaction.jta.platform' to enable JTA platform integration)
2026-06-02 10:56:37.071 [main] INFO  >>> o.s.o.j.LocalContainerEntityManagerFactoryBean - Initialized JPA EntityManagerFactory for persistence unit 'default'
2026-06-02 10:56:37.265 [main] INFO  >>> o.s.d.j.r.query.QueryEnhancerFactory - Hibernate is in classpath; If applicable, HQL parser will be used.
2026-06-02 10:56:37.849 [main] INFO  >>> o.s.s.c.a.a.c.InitializeUserDetailsBeanManagerConfigurer$InitializeUserDetailsManagerConfigurer - Global AuthenticationManager configured with UserDetailsService bean with name usuarioService
2026-06-02 10:56:39.383 [main] INFO  >>> o.s.b.a.h.H2ConsoleAutoConfiguration - H2 console available at '/h2-console'. Database available at 'jdbc:mysql://localhost:3306/products?createDatabaseIfNotExist=true&allowPublicKeyRetrieval=true&useSSL=false&useTimezone=true&serverTimezone=UTC'
2026-06-02 10:56:39.460 [main] INFO  >>> o.a.coyote.http11.Http11NioProtocol - Starting ProtocolHandler ["http-nio-8080"]
2026-06-02 10:56:39.473 [main] INFO  >>> o.s.b.w.e.tomcat.TomcatWebServer - Tomcat started on port 8080 (http) with context path '/'
2026-06-02 10:56:39.481 [main] INFO  >>> b.i.p.Produto12026Application - Started Produto12026Application in 6.241 seconds (process running for 6.895)
2026-06-02 10:56:39.557 [main] WARN  >>> o.s.c.events.SpringDocAppInitializer - SpringDoc /api-docs endpoint is enabled by default. To disable it in production, set the property 'springdoc.api-docs.enabled=false'
2026-06-02 10:56:39.557 [main] WARN  >>> o.s.c.events.SpringDocAppInitializer - SpringDoc /swagger-ui.html endpoint is enabled by default. To disable it in production, set the property 'springdoc.swagger-ui.enabled=false'
2026-06-02 10:56:42.115 [http-nio-8080-exec-1] INFO  >>> o.a.c.c.C.[Tomcat].[localhost].[/] - Initializing Spring DispatcherServlet 'dispatcherServlet'
2026-06-02 10:56:42.116 [http-nio-8080-exec-1] INFO  >>> o.s.web.servlet.DispatcherServlet - Initializing Servlet 'dispatcherServlet'
2026-06-02 10:56:42.119 [http-nio-8080-exec-1] INFO  >>> o.s.web.servlet.DispatcherServlet - Completed initialization in 3 ms
2026-06-02 11:00:55.355 [background-preinit] INFO  >>> o.h.validator.internal.util.Version - HV000001: Hibernate Validator 8.0.3.Final
2026-06-02 11:00:55.429 [main] INFO  >>> b.i.p.Produto12026Application - Starting Produto12026Application using Java 21.0.10 with PID 21244 (C:\Users\kauan\Documents\Trabalhos IF\Atvs_BackEnd\produto1-2026\target\classes started by kauan in C:\Users\kauan\Documents\Trabalhos IF\Atvs_BackEnd\produto1-2026)
2026-06-02 11:00:55.431 [main] INFO  >>> b.i.p.Produto12026Application - The following 1 profile is active: "dev"
2026-06-02 11:00:56.619 [main] INFO  >>> o.s.d.r.c.RepositoryConfigurationDelegate - Bootstrapping Spring Data JPA repositories in DEFAULT mode.
2026-06-02 11:00:56.721 [main] INFO  >>> o.s.d.r.c.RepositoryConfigurationDelegate - Finished Spring Data repository scanning in 87 ms. Found 5 JPA repository interfaces.
2026-06-02 11:00:57.864 [main] INFO  >>> o.s.b.w.e.tomcat.TomcatWebServer - Tomcat initialized with port 8080 (http)
2026-06-02 11:00:57.888 [main] INFO  >>> o.a.coyote.http11.Http11NioProtocol - Initializing ProtocolHandler ["http-nio-8080"]
2026-06-02 11:00:57.892 [main] INFO  >>> o.a.catalina.core.StandardService - Starting service [Tomcat]
2026-06-02 11:00:57.893 [main] INFO  >>> o.a.catalina.core.StandardEngine - Starting Servlet engine: [Apache Tomcat/10.1.52]
2026-06-02 11:00:58.006 [main] INFO  >>> o.a.c.c.C.[Tomcat].[localhost].[/] - Initializing Spring embedded WebApplicationContext
2026-06-02 11:00:58.007 [main] INFO  >>> o.s.b.w.s.c.ServletWebServerApplicationContext - Root WebApplicationContext: initialization completed in 2523 ms
2026-06-02 11:00:58.529 [main] INFO  >>> com.zaxxer.hikari.HikariDataSource - HikariPool-1 - Starting...
2026-06-02 11:00:58.951 [main] INFO  >>> com.zaxxer.hikari.pool.HikariPool - HikariPool-1 - Added connection com.mysql.cj.jdbc.ConnectionImpl@5c1c9881
2026-06-02 11:00:58.958 [main] INFO  >>> com.zaxxer.hikari.HikariDataSource - HikariPool-1 - Start completed.
2026-06-02 11:00:59.527 [main] INFO  >>> org.flywaydb.core.FlywayExecutor - Database: jdbc:mysql://localhost:3306/products?createDatabaseIfNotExist=true&allowPublicKeyRetrieval=true&useSSL=false&useTimezone=true&serverTimezone=UTC (MySQL 5.5)
2026-06-02 11:00:59.633 [main] INFO  >>> o.f.core.internal.command.DbValidate - Successfully validated 4 migrations (execution time 00:00.071s)
2026-06-02 11:00:59.661 [main] INFO  >>> o.f.core.internal.command.DbMigrate - Current version of schema `products`: 6
2026-06-02 11:00:59.665 [main] WARN  >>> o.f.core.internal.command.DbMigrate - outOfOrder mode is active. Migration of schema `products` may not be reproducible.
2026-06-02 11:00:59.676 [main] INFO  >>> o.f.core.internal.command.DbMigrate - Schema `products` is up to date. No migration necessary.
2026-06-02 11:00:59.816 [main] INFO  >>> o.h.jpa.internal.util.LogHelper - HHH000204: Processing PersistenceUnitInfo [name: default]
2026-06-02 11:00:59.880 [main] INFO  >>> org.hibernate.Version - HHH000412: Hibernate ORM core version 6.6.42.Final
2026-06-02 11:00:59.919 [background-preinit] INFO  >>> o.h.validator.internal.util.Version - HV000001: Hibernate Validator 8.0.3.Final
2026-06-02 11:00:59.921 [main] INFO  >>> o.h.c.i.RegionFactoryInitiator - HHH000026: Second-level cache disabled
2026-06-02 11:00:59.964 [main] INFO  >>> b.i.p.Produto12026Application - Starting Produto12026Application using Java 25.0.2 with PID 2552 (C:\Users\kauan\Documents\Trabalhos IF\Atvs_BackEnd\produto1-2026\target\classes started by kauan in C:\Users\kauan\Documents\Trabalhos IF\Atvs_BackEnd\produto1-2026)
2026-06-02 11:00:59.965 [main] INFO  >>> b.i.p.Produto12026Application - The following 1 profile is active: "dev"
2026-06-02 11:01:00.275 [main] INFO  >>> o.s.o.j.p.SpringPersistenceUnitInfo - No LoadTimeWeaver setup: ignoring JPA class transformer
2026-06-02 11:01:00.341 [main] WARN  >>> org.hibernate.dialect.Dialect - HHH000511: The 5.5.5 version for [org.hibernate.dialect.MySQLDialect] is no longer supported, hence certain features may not work properly. The minimum supported version is 8.0.0. Check the community dialects project for available legacy versions.
2026-06-02 11:01:00.364 [main] INFO  >>> o.hibernate.orm.connections.pooling - HHH10001005: Database info:
	Database JDBC URL [Connecting through datasource 'HikariDataSource (HikariPool-1)']
	Database driver: undefined/unknown
	Database version: 5.5.5
	Autocommit mode: undefined/unknown
	Isolation level: undefined/unknown
	Minimum pool size: undefined/unknown
	Maximum pool size: undefined/unknown
2026-06-02 11:01:00.840 [main] INFO  >>> o.s.d.r.c.RepositoryConfigurationDelegate - Bootstrapping Spring Data JPA repositories in DEFAULT mode.
2026-06-02 11:01:00.909 [main] INFO  >>> o.s.d.r.c.RepositoryConfigurationDelegate - Finished Spring Data repository scanning in 60 ms. Found 5 JPA repository interfaces.
2026-06-02 11:01:01.261 [main] INFO  >>> o.h.e.t.j.p.i.JtaPlatformInitiator - HHH000489: No JTA platform available (set 'hibernate.transaction.jta.platform' to enable JTA platform integration)
2026-06-02 11:01:01.285 [main] INFO  >>> o.s.o.j.LocalContainerEntityManagerFactoryBean - Initialized JPA EntityManagerFactory for persistence unit 'default'
2026-06-02 11:01:01.454 [main] INFO  >>> o.s.b.w.e.tomcat.TomcatWebServer - Tomcat initialized with port 8080 (http)
2026-06-02 11:01:01.478 [main] INFO  >>> o.a.coyote.http11.Http11NioProtocol - Initializing ProtocolHandler ["http-nio-8080"]
2026-06-02 11:01:01.480 [main] INFO  >>> o.a.catalina.core.StandardService - Starting service [Tomcat]
2026-06-02 11:01:01.480 [main] INFO  >>> o.a.catalina.core.StandardEngine - Starting Servlet engine: [Apache Tomcat/10.1.52]
2026-06-02 11:01:01.559 [main] INFO  >>> o.a.c.c.C.[Tomcat].[localhost].[/] - Initializing Spring embedded WebApplicationContext
2026-06-02 11:01:01.559 [main] INFO  >>> o.s.b.w.s.c.ServletWebServerApplicationContext - Root WebApplicationContext: initialization completed in 1546 ms
2026-06-02 11:01:01.636 [main] INFO  >>> o.s.d.j.r.query.QueryEnhancerFactory - Hibernate is in classpath; If applicable, HQL parser will be used.
2026-06-02 11:01:01.872 [main] INFO  >>> com.zaxxer.hikari.HikariDataSource - HikariPool-1 - Starting...
2026-06-02 11:01:02.017 [main] INFO  >>> com.zaxxer.hikari.pool.HikariPool - HikariPool-1 - Added connection com.mysql.cj.jdbc.ConnectionImpl@3c27f72
2026-06-02 11:01:02.018 [main] INFO  >>> com.zaxxer.hikari.HikariDataSource - HikariPool-1 - Start completed.
2026-06-02 11:01:02.095 [main] INFO  >>> org.flywaydb.core.FlywayExecutor - Database: jdbc:mysql://localhost:3306/products?createDatabaseIfNotExist=true&allowPublicKeyRetrieval=true&useSSL=false&useTimezone=true&serverTimezone=UTC (MySQL 5.5)
2026-06-02 11:01:02.160 [main] INFO  >>> o.f.core.internal.command.DbValidate - Successfully validated 4 migrations (execution time 00:00.034s)
2026-06-02 11:01:02.173 [main] INFO  >>> o.f.core.internal.command.DbMigrate - Current version of schema `products`: 6
2026-06-02 11:01:02.174 [main] WARN  >>> o.f.core.internal.command.DbMigrate - outOfOrder mode is active. Migration of schema `products` may not be reproducible.
2026-06-02 11:01:02.177 [main] INFO  >>> o.f.core.internal.command.DbMigrate - Schema `products` is up to date. No migration necessary.
2026-06-02 11:01:02.266 [main] INFO  >>> o.h.jpa.internal.util.LogHelper - HHH000204: Processing PersistenceUnitInfo [name: default]
2026-06-02 11:01:02.322 [main] INFO  >>> org.hibernate.Version - HHH000412: Hibernate ORM core version 6.6.42.Final
2026-06-02 11:01:02.368 [main] INFO  >>> o.h.c.i.RegionFactoryInitiator - HHH000026: Second-level cache disabled
2026-06-02 11:01:02.555 [main] INFO  >>> o.s.s.c.a.a.c.InitializeUserDetailsBeanManagerConfigurer$InitializeUserDetailsManagerConfigurer - Global AuthenticationManager configured with UserDetailsService bean with name usuarioService
2026-06-02 11:01:02.620 [main] INFO  >>> o.s.o.j.p.SpringPersistenceUnitInfo - No LoadTimeWeaver setup: ignoring JPA class transformer
2026-06-02 11:01:02.670 [main] WARN  >>> org.hibernate.dialect.Dialect - HHH000511: The 5.5.5 version for [org.hibernate.dialect.MySQLDialect] is no longer supported, hence certain features may not work properly. The minimum supported version is 8.0.0. Check the community dialects project for available legacy versions.
2026-06-02 11:01:02.683 [main] INFO  >>> o.hibernate.orm.connections.pooling - HHH10001005: Database info:
	Database JDBC URL [Connecting through datasource 'HikariDataSource (HikariPool-1)']
	Database driver: undefined/unknown
	Database version: 5.5.5
	Autocommit mode: undefined/unknown
	Isolation level: undefined/unknown
	Minimum pool size: undefined/unknown
	Maximum pool size: undefined/unknown
2026-06-02 11:01:03.636 [main] INFO  >>> o.h.e.t.j.p.i.JtaPlatformInitiator - HHH000489: No JTA platform available (set 'hibernate.transaction.jta.platform' to enable JTA platform integration)
2026-06-02 11:01:03.663 [main] INFO  >>> o.s.o.j.LocalContainerEntityManagerFactoryBean - Initialized JPA EntityManagerFactory for persistence unit 'default'
2026-06-02 11:01:03.881 [main] INFO  >>> o.s.b.a.h.H2ConsoleAutoConfiguration - H2 console available at '/h2-console'. Database available at 'jdbc:mysql://localhost:3306/products?createDatabaseIfNotExist=true&allowPublicKeyRetrieval=true&useSSL=false&useTimezone=true&serverTimezone=UTC'
2026-06-02 11:01:03.897 [main] INFO  >>> o.s.d.j.r.query.QueryEnhancerFactory - Hibernate is in classpath; If applicable, HQL parser will be used.
2026-06-02 11:01:03.979 [main] INFO  >>> o.a.coyote.http11.Http11NioProtocol - Starting ProtocolHandler ["http-nio-8080"]
2026-06-02 11:01:04.008 [main] INFO  >>> o.s.b.w.e.tomcat.TomcatWebServer - Tomcat started on port 8080 (http) with context path '/'
2026-06-02 11:01:04.019 [main] INFO  >>> b.i.p.Produto12026Application - Started Produto12026Application in 9.285 seconds (process running for 9.721)
2026-06-02 11:01:04.098 [main] WARN  >>> o.s.c.events.SpringDocAppInitializer - SpringDoc /api-docs endpoint is enabled by default. To disable it in production, set the property 'springdoc.api-docs.enabled=false'
2026-06-02 11:01:04.099 [main] WARN  >>> o.s.c.events.SpringDocAppInitializer - SpringDoc /swagger-ui.html endpoint is enabled by default. To disable it in production, set the property 'springdoc.swagger-ui.enabled=false'
2026-06-02 11:01:04.776 [main] INFO  >>> o.s.s.c.a.a.c.InitializeUserDetailsBeanManagerConfigurer$InitializeUserDetailsManagerConfigurer - Global AuthenticationManager configured with UserDetailsService bean with name usuarioService
2026-06-02 11:01:06.216 [main] INFO  >>> o.s.b.a.h.H2ConsoleAutoConfiguration - H2 console available at '/h2-console'. Database available at 'jdbc:mysql://localhost:3306/products?createDatabaseIfNotExist=true&allowPublicKeyRetrieval=true&useSSL=false&useTimezone=true&serverTimezone=UTC'
2026-06-02 11:01:06.296 [main] INFO  >>> o.a.coyote.http11.Http11NioProtocol - Starting ProtocolHandler ["http-nio-8080"]
2026-06-02 11:01:06.300 [main] WARN  >>> o.s.b.w.s.c.AnnotationConfigServletWebServerApplicationContext - Exception encountered during context initialization - cancelling refresh attempt: org.springframework.context.ApplicationContextException: Failed to start bean 'webServerStartStop'
2026-06-02 11:01:06.304 [main] INFO  >>> o.s.o.j.LocalContainerEntityManagerFactoryBean - Closing JPA EntityManagerFactory for persistence unit 'default'
2026-06-02 11:01:06.306 [main] INFO  >>> com.zaxxer.hikari.HikariDataSource - HikariPool-1 - Shutdown initiated...
2026-06-02 11:01:06.313 [main] INFO  >>> com.zaxxer.hikari.HikariDataSource - HikariPool-1 - Shutdown completed.
2026-06-02 11:01:06.325 [main] INFO  >>> o.s.b.a.l.ConditionEvaluationReportLogger - 

Error starting ApplicationContext. To display the condition evaluation report re-run your application with 'debug' enabled.
2026-06-02 11:01:06.338 [main] ERROR >>> o.s.b.d.LoggingFailureAnalysisReporter - 

***************************
APPLICATION FAILED TO START
***************************

Description:

Web server failed to start. Port 8080 was already in use.

Action:

Identify and stop the process that's listening on port 8080 or configure this application to listen on another port.

2026-06-02 11:01:21.996 [http-nio-8080-exec-1] INFO  >>> o.a.c.c.C.[Tomcat].[localhost].[/] - Initializing Spring DispatcherServlet 'dispatcherServlet'
2026-06-02 11:01:21.996 [http-nio-8080-exec-1] INFO  >>> o.s.web.servlet.DispatcherServlet - Initializing Servlet 'dispatcherServlet'
2026-06-02 11:01:21.996 [http-nio-8080-exec-1] INFO  >>> o.s.web.servlet.DispatcherServlet - Completed initialization in 0 ms
2026-06-02 11:01:22.557 [http-nio-8080-exec-1] INFO  >>> o.s.api.AbstractOpenApiResource - Init duration for springdoc-openapi is: 513 ms
2026-06-02 11:02:18.953 [http-nio-8080-exec-5] WARN  >>> o.s.w.s.m.s.DefaultHandlerExceptionResolver - Resolved [org.springframework.http.converter.HttpMessageNotReadableException: JSON parse error: Unexpected character ('\' (code 92)): was expecting double-quote to start field name]
2026-06-02 11:02:27.170 [http-nio-8080-exec-6] WARN  >>> o.s.w.s.m.s.DefaultHandlerExceptionResolver - Resolved [org.springframework.http.converter.HttpMessageNotReadableException: JSON parse error: Unexpected character ('e' (code 101)): was expecting double-quote to start field name]
2026-06-02 11:02:35.213 [http-nio-8080-exec-7] WARN  >>> o.s.w.s.m.s.DefaultHandlerExceptionResolver - Resolved [org.springframework.http.converter.HttpMessageNotReadableException: JSON parse error: Unexpected character ('e' (code 101)): was expecting double-quote to start field name]
2026-06-02 11:05:54.718 [background-preinit] INFO  >>> o.h.validator.internal.util.Version - HV000001: Hibernate Validator 8.0.3.Final
2026-06-02 11:05:54.754 [main] INFO  >>> b.i.p.Produto12026Application - Starting Produto12026Application using Java 25.0.2 with PID 22296 (C:\Users\kauan\Documents\Trabalhos IF\Atvs_BackEnd\produto1-2026\target\classes started by kauan in C:\Users\kauan\Documents\Trabalhos IF\Atvs_BackEnd\produto1-2026)
2026-06-02 11:05:54.755 [main] INFO  >>> b.i.p.Produto12026Application - The following 1 profile is active: "dev"
2026-06-02 11:05:55.426 [main] INFO  >>> o.s.d.r.c.RepositoryConfigurationDelegate - Bootstrapping Spring Data JPA repositories in DEFAULT mode.
2026-06-02 11:05:55.480 [main] INFO  >>> o.s.d.r.c.RepositoryConfigurationDelegate - Finished Spring Data repository scanning in 46 ms. Found 5 JPA repository interfaces.
2026-06-02 11:05:55.910 [main] INFO  >>> o.s.b.w.e.tomcat.TomcatWebServer - Tomcat initialized with port 8080 (http)
2026-06-02 11:05:55.930 [main] INFO  >>> o.a.coyote.http11.Http11NioProtocol - Initializing ProtocolHandler ["http-nio-8080"]
2026-06-02 11:05:55.932 [main] INFO  >>> o.a.catalina.core.StandardService - Starting service [Tomcat]
2026-06-02 11:05:55.932 [main] INFO  >>> o.a.catalina.core.StandardEngine - Starting Servlet engine: [Apache Tomcat/10.1.52]
2026-06-02 11:05:55.991 [main] INFO  >>> o.a.c.c.C.[Tomcat].[localhost].[/] - Initializing Spring embedded WebApplicationContext
2026-06-02 11:05:55.992 [main] INFO  >>> o.s.b.w.s.c.ServletWebServerApplicationContext - Root WebApplicationContext: initialization completed in 1206 ms
2026-06-02 11:05:56.210 [main] INFO  >>> com.zaxxer.hikari.HikariDataSource - HikariPool-1 - Starting...
2026-06-02 11:05:56.318 [main] INFO  >>> com.zaxxer.hikari.pool.HikariPool - HikariPool-1 - Added connection com.mysql.cj.jdbc.ConnectionImpl@20faaf77
2026-06-02 11:05:56.320 [main] INFO  >>> com.zaxxer.hikari.HikariDataSource - HikariPool-1 - Start completed.
2026-06-02 11:05:56.376 [main] INFO  >>> org.flywaydb.core.FlywayExecutor - Database: jdbc:mysql://localhost:3306/products?createDatabaseIfNotExist=true&allowPublicKeyRetrieval=true&useSSL=false&useTimezone=true&serverTimezone=UTC (MySQL 5.5)
2026-06-02 11:05:56.412 [main] INFO  >>> o.f.core.internal.command.DbValidate - Successfully validated 4 migrations (execution time 00:00.022s)
2026-06-02 11:05:56.428 [main] INFO  >>> o.f.core.internal.command.DbMigrate - Current version of schema `products`: 6
2026-06-02 11:05:56.428 [main] WARN  >>> o.f.core.internal.command.DbMigrate - outOfOrder mode is active. Migration of schema `products` may not be reproducible.
2026-06-02 11:05:56.432 [main] INFO  >>> o.f.core.internal.command.DbMigrate - Schema `products` is up to date. No migration necessary.
2026-06-02 11:05:56.494 [main] INFO  >>> o.h.jpa.internal.util.LogHelper - HHH000204: Processing PersistenceUnitInfo [name: default]
2026-06-02 11:05:56.530 [main] INFO  >>> org.hibernate.Version - HHH000412: Hibernate ORM core version 6.6.42.Final
2026-06-02 11:05:56.553 [main] INFO  >>> o.h.c.i.RegionFactoryInitiator - HHH000026: Second-level cache disabled
2026-06-02 11:05:56.776 [main] INFO  >>> o.s.o.j.p.SpringPersistenceUnitInfo - No LoadTimeWeaver setup: ignoring JPA class transformer
2026-06-02 11:05:56.821 [main] WARN  >>> org.hibernate.dialect.Dialect - HHH000511: The 5.5.5 version for [org.hibernate.dialect.MySQLDialect] is no longer supported, hence certain features may not work properly. The minimum supported version is 8.0.0. Check the community dialects project for available legacy versions.
2026-06-02 11:05:56.832 [main] INFO  >>> o.hibernate.orm.connections.pooling - HHH10001005: Database info:
	Database JDBC URL [Connecting through datasource 'HikariDataSource (HikariPool-1)']
	Database driver: undefined/unknown
	Database version: 5.5.5
	Autocommit mode: undefined/unknown
	Isolation level: undefined/unknown
	Minimum pool size: undefined/unknown
	Maximum pool size: undefined/unknown
2026-06-02 11:05:57.542 [main] INFO  >>> o.h.e.t.j.p.i.JtaPlatformInitiator - HHH000489: No JTA platform available (set 'hibernate.transaction.jta.platform' to enable JTA platform integration)
2026-06-02 11:05:57.558 [main] INFO  >>> o.s.o.j.LocalContainerEntityManagerFactoryBean - Initialized JPA EntityManagerFactory for persistence unit 'default'
2026-06-02 11:05:57.730 [main] INFO  >>> o.s.d.j.r.query.QueryEnhancerFactory - Hibernate is in classpath; If applicable, HQL parser will be used.
2026-06-02 11:05:58.372 [main] INFO  >>> o.s.s.c.a.a.c.InitializeUserDetailsBeanManagerConfigurer$InitializeUserDetailsManagerConfigurer - Global AuthenticationManager configured with UserDetailsService bean with name usuarioService
2026-06-02 11:05:59.671 [main] INFO  >>> o.s.b.a.h.H2ConsoleAutoConfiguration - H2 console available at '/h2-console'. Database available at 'jdbc:mysql://localhost:3306/products?createDatabaseIfNotExist=true&allowPublicKeyRetrieval=true&useSSL=false&useTimezone=true&serverTimezone=UTC'
2026-06-02 11:05:59.736 [main] INFO  >>> o.a.coyote.http11.Http11NioProtocol - Starting ProtocolHandler ["http-nio-8080"]
2026-06-02 11:05:59.739 [main] WARN  >>> o.s.b.w.s.c.AnnotationConfigServletWebServerApplicationContext - Exception encountered during context initialization - cancelling refresh attempt: org.springframework.context.ApplicationContextException: Failed to start bean 'webServerStartStop'
2026-06-02 11:05:59.742 [main] INFO  >>> o.s.o.j.LocalContainerEntityManagerFactoryBean - Closing JPA EntityManagerFactory for persistence unit 'default'
2026-06-02 11:05:59.744 [main] INFO  >>> com.zaxxer.hikari.HikariDataSource - HikariPool-1 - Shutdown initiated...
2026-06-02 11:05:59.750 [main] INFO  >>> com.zaxxer.hikari.HikariDataSource - HikariPool-1 - Shutdown completed.
2026-06-02 11:05:59.760 [main] INFO  >>> o.s.b.a.l.ConditionEvaluationReportLogger - 

Error starting ApplicationContext. To display the condition evaluation report re-run your application with 'debug' enabled.
2026-06-02 11:05:59.771 [main] ERROR >>> o.s.b.d.LoggingFailureAnalysisReporter - 

***************************
APPLICATION FAILED TO START
***************************

Description:

Web server failed to start. Port 8080 was already in use.

Action:

Identify and stop the process that's listening on port 8080 or configure this application to listen on another port.

2026-06-02 11:12:36.167 [background-preinit] INFO  >>> o.h.validator.internal.util.Version - HV000001: Hibernate Validator 8.0.3.Final
2026-06-02 11:12:36.203 [main] INFO  >>> b.i.p.Produto12026Application - Starting Produto12026Application using Java 25.0.2 with PID 19944 (C:\Users\kauan\Documents\Trabalhos IF\Atvs_BackEnd\produto1-2026\target\classes started by kauan in C:\Users\kauan\Documents\Trabalhos IF\Atvs_BackEnd\produto1-2026)
2026-06-02 11:12:36.204 [main] INFO  >>> b.i.p.Produto12026Application - The following 1 profile is active: "dev"
2026-06-02 11:12:36.852 [main] INFO  >>> o.s.d.r.c.RepositoryConfigurationDelegate - Bootstrapping Spring Data JPA repositories in DEFAULT mode.
2026-06-02 11:12:36.906 [main] INFO  >>> o.s.d.r.c.RepositoryConfigurationDelegate - Finished Spring Data repository scanning in 47 ms. Found 5 JPA repository interfaces.
2026-06-02 11:12:37.331 [main] INFO  >>> o.s.b.w.e.tomcat.TomcatWebServer - Tomcat initialized with port 8080 (http)
2026-06-02 11:12:37.351 [main] INFO  >>> o.a.coyote.http11.Http11NioProtocol - Initializing ProtocolHandler ["http-nio-8080"]
2026-06-02 11:12:37.352 [main] INFO  >>> o.a.catalina.core.StandardService - Starting service [Tomcat]
2026-06-02 11:12:37.352 [main] INFO  >>> o.a.catalina.core.StandardEngine - Starting Servlet engine: [Apache Tomcat/10.1.52]
2026-06-02 11:12:37.414 [main] INFO  >>> o.a.c.c.C.[Tomcat].[localhost].[/] - Initializing Spring embedded WebApplicationContext
2026-06-02 11:12:37.414 [main] INFO  >>> o.s.b.w.s.c.ServletWebServerApplicationContext - Root WebApplicationContext: initialization completed in 1174 ms
2026-06-02 11:12:37.638 [main] INFO  >>> com.zaxxer.hikari.HikariDataSource - HikariPool-1 - Starting...
2026-06-02 11:12:37.744 [main] INFO  >>> com.zaxxer.hikari.pool.HikariPool - HikariPool-1 - Added connection com.mysql.cj.jdbc.ConnectionImpl@7440265c
2026-06-02 11:12:37.745 [main] INFO  >>> com.zaxxer.hikari.HikariDataSource - HikariPool-1 - Start completed.
2026-06-02 11:12:37.804 [main] INFO  >>> org.flywaydb.core.FlywayExecutor - Database: jdbc:mysql://localhost:3306/products?createDatabaseIfNotExist=true&allowPublicKeyRetrieval=true&useSSL=false&useTimezone=true&serverTimezone=UTC (MySQL 5.5)
2026-06-02 11:12:37.838 [main] INFO  >>> o.f.core.internal.command.DbValidate - Successfully validated 4 migrations (execution time 00:00.020s)
2026-06-02 11:12:37.852 [main] INFO  >>> o.f.core.internal.command.DbMigrate - Current version of schema `products`: 6
2026-06-02 11:12:37.852 [main] WARN  >>> o.f.core.internal.command.DbMigrate - outOfOrder mode is active. Migration of schema `products` may not be reproducible.
2026-06-02 11:12:37.856 [main] INFO  >>> o.f.core.internal.command.DbMigrate - Schema `products` is up to date. No migration necessary.
2026-06-02 11:12:37.927 [main] INFO  >>> o.h.jpa.internal.util.LogHelper - HHH000204: Processing PersistenceUnitInfo [name: default]
2026-06-02 11:12:37.964 [main] INFO  >>> org.hibernate.Version - HHH000412: Hibernate ORM core version 6.6.42.Final
2026-06-02 11:12:37.987 [main] INFO  >>> o.h.c.i.RegionFactoryInitiator - HHH000026: Second-level cache disabled
2026-06-02 11:12:38.204 [main] INFO  >>> o.s.o.j.p.SpringPersistenceUnitInfo - No LoadTimeWeaver setup: ignoring JPA class transformer
2026-06-02 11:12:38.247 [main] WARN  >>> org.hibernate.dialect.Dialect - HHH000511: The 5.5.5 version for [org.hibernate.dialect.MySQLDialect] is no longer supported, hence certain features may not work properly. The minimum supported version is 8.0.0. Check the community dialects project for available legacy versions.
2026-06-02 11:12:38.257 [main] INFO  >>> o.hibernate.orm.connections.pooling - HHH10001005: Database info:
	Database JDBC URL [Connecting through datasource 'HikariDataSource (HikariPool-1)']
	Database driver: undefined/unknown
	Database version: 5.5.5
	Autocommit mode: undefined/unknown
	Isolation level: undefined/unknown
	Minimum pool size: undefined/unknown
	Maximum pool size: undefined/unknown
2026-06-02 11:12:38.966 [main] INFO  >>> o.h.e.t.j.p.i.JtaPlatformInitiator - HHH000489: No JTA platform available (set 'hibernate.transaction.jta.platform' to enable JTA platform integration)
2026-06-02 11:12:38.982 [main] INFO  >>> o.s.o.j.LocalContainerEntityManagerFactoryBean - Initialized JPA EntityManagerFactory for persistence unit 'default'
2026-06-02 11:12:39.189 [main] INFO  >>> o.s.d.j.r.query.QueryEnhancerFactory - Hibernate is in classpath; If applicable, HQL parser will be used.
2026-06-02 11:12:39.702 [main] INFO  >>> o.s.s.c.a.a.c.InitializeUserDetailsBeanManagerConfigurer$InitializeUserDetailsManagerConfigurer - Global AuthenticationManager configured with UserDetailsService bean with name usuarioService
2026-06-02 11:12:40.840 [main] INFO  >>> o.s.b.a.h.H2ConsoleAutoConfiguration - H2 console available at '/h2-console'. Database available at 'jdbc:mysql://localhost:3306/products?createDatabaseIfNotExist=true&allowPublicKeyRetrieval=true&useSSL=false&useTimezone=true&serverTimezone=UTC'
2026-06-02 11:12:40.899 [main] INFO  >>> o.a.coyote.http11.Http11NioProtocol - Starting ProtocolHandler ["http-nio-8080"]
2026-06-02 11:12:40.912 [main] INFO  >>> o.s.b.w.e.tomcat.TomcatWebServer - Tomcat started on port 8080 (http) with context path '/'
2026-06-02 11:12:40.919 [main] INFO  >>> b.i.p.Produto12026Application - Started Produto12026Application in 5.159 seconds (process running for 5.676)
2026-06-02 11:12:40.987 [main] WARN  >>> o.s.c.events.SpringDocAppInitializer - SpringDoc /api-docs endpoint is enabled by default. To disable it in production, set the property 'springdoc.api-docs.enabled=false'
2026-06-02 11:12:40.987 [main] WARN  >>> o.s.c.events.SpringDocAppInitializer - SpringDoc /swagger-ui.html endpoint is enabled by default. To disable it in production, set the property 'springdoc.swagger-ui.enabled=false'
2026-06-02 11:15:27.060 [SpringApplicationShutdownHook] INFO  >>> o.s.b.w.e.tomcat.GracefulShutdown - Commencing graceful shutdown. Waiting for active requests to complete
2026-06-02 11:15:27.066 [tomcat-shutdown] INFO  >>> o.s.b.w.e.tomcat.GracefulShutdown - Graceful shutdown complete
2026-06-02 11:15:27.072 [SpringApplicationShutdownHook] INFO  >>> o.s.o.j.LocalContainerEntityManagerFactoryBean - Closing JPA EntityManagerFactory for persistence unit 'default'
2026-06-02 11:15:27.074 [SpringApplicationShutdownHook] INFO  >>> com.zaxxer.hikari.HikariDataSource - HikariPool-1 - Shutdown initiated...
2026-06-02 11:15:27.080 [SpringApplicationShutdownHook] INFO  >>> com.zaxxer.hikari.HikariDataSource - HikariPool-1 - Shutdown completed.
2026-06-02 11:15:29.928 [background-preinit] INFO  >>> o.h.validator.internal.util.Version - HV000001: Hibernate Validator 8.0.3.Final
2026-06-02 11:15:29.961 [main] INFO  >>> b.i.p.Produto12026Application - Starting Produto12026Application using Java 25.0.2 with PID 20984 (C:\Users\kauan\Documents\Trabalhos IF\Atvs_BackEnd\produto1-2026\target\classes started by kauan in C:\Users\kauan\Documents\Trabalhos IF\Atvs_BackEnd\produto1-2026)
2026-06-02 11:15:29.962 [main] INFO  >>> b.i.p.Produto12026Application - The following 1 profile is active: "dev"
2026-06-02 11:15:30.605 [main] INFO  >>> o.s.d.r.c.RepositoryConfigurationDelegate - Bootstrapping Spring Data JPA repositories in DEFAULT mode.
2026-06-02 11:15:30.659 [main] INFO  >>> o.s.d.r.c.RepositoryConfigurationDelegate - Finished Spring Data repository scanning in 48 ms. Found 5 JPA repository interfaces.
2026-06-02 11:15:31.107 [main] INFO  >>> o.s.b.w.e.tomcat.TomcatWebServer - Tomcat initialized with port 8080 (http)
2026-06-02 11:15:31.126 [main] INFO  >>> o.a.coyote.http11.Http11NioProtocol - Initializing ProtocolHandler ["http-nio-8080"]
2026-06-02 11:15:31.127 [main] INFO  >>> o.a.catalina.core.StandardService - Starting service [Tomcat]
2026-06-02 11:15:31.127 [main] INFO  >>> o.a.catalina.core.StandardEngine - Starting Servlet engine: [Apache Tomcat/10.1.52]
2026-06-02 11:15:31.189 [main] INFO  >>> o.a.c.c.C.[Tomcat].[localhost].[/] - Initializing Spring embedded WebApplicationContext
2026-06-02 11:15:31.190 [main] INFO  >>> o.s.b.w.s.c.ServletWebServerApplicationContext - Root WebApplicationContext: initialization completed in 1196 ms
2026-06-02 11:15:31.419 [main] INFO  >>> com.zaxxer.hikari.HikariDataSource - HikariPool-1 - Starting...
2026-06-02 11:15:31.525 [main] INFO  >>> com.zaxxer.hikari.pool.HikariPool - HikariPool-1 - Added connection com.mysql.cj.jdbc.ConnectionImpl@5b7ee56c
2026-06-02 11:15:31.526 [main] INFO  >>> com.zaxxer.hikari.HikariDataSource - HikariPool-1 - Start completed.
2026-06-02 11:15:31.580 [main] INFO  >>> org.flywaydb.core.FlywayExecutor - Database: jdbc:mysql://localhost:3306/products?createDatabaseIfNotExist=true&allowPublicKeyRetrieval=true&useSSL=false&useTimezone=true&serverTimezone=UTC (MySQL 5.5)
2026-06-02 11:15:31.615 [main] INFO  >>> o.f.core.internal.command.DbValidate - Successfully validated 4 migrations (execution time 00:00.020s)
2026-06-02 11:15:31.627 [main] INFO  >>> o.f.core.internal.command.DbMigrate - Current version of schema `products`: 6
2026-06-02 11:15:31.628 [main] WARN  >>> o.f.core.internal.command.DbMigrate - outOfOrder mode is active. Migration of schema `products` may not be reproducible.
2026-06-02 11:15:31.631 [main] INFO  >>> o.f.core.internal.command.DbMigrate - Schema `products` is up to date. No migration necessary.
2026-06-02 11:15:31.702 [main] INFO  >>> o.h.jpa.internal.util.LogHelper - HHH000204: Processing PersistenceUnitInfo [name: default]
2026-06-02 11:15:31.738 [main] INFO  >>> org.hibernate.Version - HHH000412: Hibernate ORM core version 6.6.42.Final
2026-06-02 11:15:31.762 [main] INFO  >>> o.h.c.i.RegionFactoryInitiator - HHH000026: Second-level cache disabled
2026-06-02 11:15:31.971 [main] INFO  >>> o.s.o.j.p.SpringPersistenceUnitInfo - No LoadTimeWeaver setup: ignoring JPA class transformer
2026-06-02 11:15:32.016 [main] WARN  >>> org.hibernate.dialect.Dialect - HHH000511: The 5.5.5 version for [org.hibernate.dialect.MySQLDialect] is no longer supported, hence certain features may not work properly. The minimum supported version is 8.0.0. Check the community dialects project for available legacy versions.
2026-06-02 11:15:32.027 [main] INFO  >>> o.hibernate.orm.connections.pooling - HHH10001005: Database info:
	Database JDBC URL [Connecting through datasource 'HikariDataSource (HikariPool-1)']
	Database driver: undefined/unknown
	Database version: 5.5.5
	Autocommit mode: undefined/unknown
	Isolation level: undefined/unknown
	Minimum pool size: undefined/unknown
	Maximum pool size: undefined/unknown
2026-06-02 11:15:32.740 [main] INFO  >>> o.h.e.t.j.p.i.JtaPlatformInitiator - HHH000489: No JTA platform available (set 'hibernate.transaction.jta.platform' to enable JTA platform integration)
2026-06-02 11:15:32.756 [main] INFO  >>> o.s.o.j.LocalContainerEntityManagerFactoryBean - Initialized JPA EntityManagerFactory for persistence unit 'default'
2026-06-02 11:15:32.963 [main] INFO  >>> o.s.d.j.r.query.QueryEnhancerFactory - Hibernate is in classpath; If applicable, HQL parser will be used.
2026-06-02 11:15:33.595 [main] INFO  >>> o.s.s.c.a.a.c.InitializeUserDetailsBeanManagerConfigurer$InitializeUserDetailsManagerConfigurer - Global AuthenticationManager configured with UserDetailsService bean with name usuarioService
2026-06-02 11:15:34.673 [main] INFO  >>> o.s.b.a.h.H2ConsoleAutoConfiguration - H2 console available at '/h2-console'. Database available at 'jdbc:mysql://localhost:3306/products?createDatabaseIfNotExist=true&allowPublicKeyRetrieval=true&useSSL=false&useTimezone=true&serverTimezone=UTC'
2026-06-02 11:15:34.741 [main] INFO  >>> o.a.coyote.http11.Http11NioProtocol - Starting ProtocolHandler ["http-nio-8080"]
2026-06-02 11:15:34.753 [main] INFO  >>> o.s.b.w.e.tomcat.TomcatWebServer - Tomcat started on port 8080 (http) with context path '/'
2026-06-02 11:15:34.764 [main] INFO  >>> b.i.p.Produto12026Application - Started Produto12026Application in 5.255 seconds (process running for 5.766)
2026-06-02 11:15:34.833 [main] WARN  >>> o.s.c.events.SpringDocAppInitializer - SpringDoc /api-docs endpoint is enabled by default. To disable it in production, set the property 'springdoc.api-docs.enabled=false'
2026-06-02 11:15:34.833 [main] WARN  >>> o.s.c.events.SpringDocAppInitializer - SpringDoc /swagger-ui.html endpoint is enabled by default. To disable it in production, set the property 'springdoc.swagger-ui.enabled=false'
2026-06-02 11:16:45.718 [SpringApplicationShutdownHook] INFO  >>> o.s.b.w.e.tomcat.GracefulShutdown - Commencing graceful shutdown. Waiting for active requests to complete
2026-06-02 11:16:45.722 [tomcat-shutdown] INFO  >>> o.s.b.w.e.tomcat.GracefulShutdown - Graceful shutdown complete
2026-06-02 11:16:45.728 [SpringApplicationShutdownHook] INFO  >>> o.s.o.j.LocalContainerEntityManagerFactoryBean - Closing JPA EntityManagerFactory for persistence unit 'default'
2026-06-02 11:16:45.729 [SpringApplicationShutdownHook] INFO  >>> com.zaxxer.hikari.HikariDataSource - HikariPool-1 - Shutdown initiated...
2026-06-02 11:16:45.735 [SpringApplicationShutdownHook] INFO  >>> com.zaxxer.hikari.HikariDataSource - HikariPool-1 - Shutdown completed.
2026-06-02 11:16:47.730 [background-preinit] INFO  >>> o.h.validator.internal.util.Version - HV000001: Hibernate Validator 8.0.3.Final
2026-06-02 11:16:47.762 [main] INFO  >>> b.i.p.Produto12026Application - Starting Produto12026Application using Java 25.0.2 with PID 11428 (C:\Users\kauan\Documents\Trabalhos IF\Atvs_BackEnd\produto1-2026\target\classes started by kauan in C:\Users\kauan\Documents\Trabalhos IF\Atvs_BackEnd\produto1-2026)
2026-06-02 11:16:47.763 [main] INFO  >>> b.i.p.Produto12026Application - The following 1 profile is active: "dev"
2026-06-02 11:16:48.416 [main] INFO  >>> o.s.d.r.c.RepositoryConfigurationDelegate - Bootstrapping Spring Data JPA repositories in DEFAULT mode.
2026-06-02 11:16:48.469 [main] INFO  >>> o.s.d.r.c.RepositoryConfigurationDelegate - Finished Spring Data repository scanning in 46 ms. Found 5 JPA repository interfaces.
2026-06-02 11:16:48.905 [main] INFO  >>> o.s.b.w.e.tomcat.TomcatWebServer - Tomcat initialized with port 8080 (http)
2026-06-02 11:16:48.922 [main] INFO  >>> o.a.coyote.http11.Http11NioProtocol - Initializing ProtocolHandler ["http-nio-8080"]
2026-06-02 11:16:48.923 [main] INFO  >>> o.a.catalina.core.StandardService - Starting service [Tomcat]
2026-06-02 11:16:48.923 [main] INFO  >>> o.a.catalina.core.StandardEngine - Starting Servlet engine: [Apache Tomcat/10.1.52]
2026-06-02 11:16:48.977 [main] INFO  >>> o.a.c.c.C.[Tomcat].[localhost].[/] - Initializing Spring embedded WebApplicationContext
2026-06-02 11:16:48.977 [main] INFO  >>> o.s.b.w.s.c.ServletWebServerApplicationContext - Root WebApplicationContext: initialization completed in 1183 ms
2026-06-02 11:16:49.260 [main] INFO  >>> com.zaxxer.hikari.HikariDataSource - HikariPool-1 - Starting...
2026-06-02 11:16:49.404 [main] INFO  >>> com.zaxxer.hikari.pool.HikariPool - HikariPool-1 - Added connection com.mysql.cj.jdbc.ConnectionImpl@1d8be7b9
2026-06-02 11:16:49.405 [main] INFO  >>> com.zaxxer.hikari.HikariDataSource - HikariPool-1 - Start completed.
2026-06-02 11:16:49.473 [main] INFO  >>> org.flywaydb.core.FlywayExecutor - Database: jdbc:mysql://localhost:3306/products?createDatabaseIfNotExist=true&allowPublicKeyRetrieval=true&useSSL=false&useTimezone=true&serverTimezone=UTC (MySQL 5.5)
2026-06-02 11:16:49.520 [main] INFO  >>> o.f.core.internal.command.DbValidate - Successfully validated 4 migrations (execution time 00:00.024s)
2026-06-02 11:16:49.530 [main] INFO  >>> o.f.core.internal.command.DbMigrate - Current version of schema `products`: 6
2026-06-02 11:16:49.531 [main] WARN  >>> o.f.core.internal.command.DbMigrate - outOfOrder mode is active. Migration of schema `products` may not be reproducible.
2026-06-02 11:16:49.533 [main] INFO  >>> o.f.core.internal.command.DbMigrate - Schema `products` is up to date. No migration necessary.
2026-06-02 11:16:49.603 [main] INFO  >>> o.h.jpa.internal.util.LogHelper - HHH000204: Processing PersistenceUnitInfo [name: default]
2026-06-02 11:16:49.645 [main] INFO  >>> org.hibernate.Version - HHH000412: Hibernate ORM core version 6.6.42.Final
2026-06-02 11:16:49.672 [main] INFO  >>> o.h.c.i.RegionFactoryInitiator - HHH000026: Second-level cache disabled
2026-06-02 11:16:49.890 [main] INFO  >>> o.s.o.j.p.SpringPersistenceUnitInfo - No LoadTimeWeaver setup: ignoring JPA class transformer
2026-06-02 11:16:49.933 [main] WARN  >>> org.hibernate.dialect.Dialect - HHH000511: The 5.5.5 version for [org.hibernate.dialect.MySQLDialect] is no longer supported, hence certain features may not work properly. The minimum supported version is 8.0.0. Check the community dialects project for available legacy versions.
2026-06-02 11:16:49.943 [main] INFO  >>> o.hibernate.orm.connections.pooling - HHH10001005: Database info:
	Database JDBC URL [Connecting through datasource 'HikariDataSource (HikariPool-1)']
	Database driver: undefined/unknown
	Database version: 5.5.5
	Autocommit mode: undefined/unknown
	Isolation level: undefined/unknown
	Minimum pool size: undefined/unknown
	Maximum pool size: undefined/unknown
2026-06-02 11:16:50.654 [main] INFO  >>> o.h.e.t.j.p.i.JtaPlatformInitiator - HHH000489: No JTA platform available (set 'hibernate.transaction.jta.platform' to enable JTA platform integration)
2026-06-02 11:16:50.673 [main] INFO  >>> o.s.o.j.LocalContainerEntityManagerFactoryBean - Initialized JPA EntityManagerFactory for persistence unit 'default'
2026-06-02 11:16:50.890 [main] INFO  >>> o.s.d.j.r.query.QueryEnhancerFactory - Hibernate is in classpath; If applicable, HQL parser will be used.
2026-06-02 11:16:51.407 [main] INFO  >>> o.s.s.c.a.a.c.InitializeUserDetailsBeanManagerConfigurer$InitializeUserDetailsManagerConfigurer - Global AuthenticationManager configured with UserDetailsService bean with name usuarioService
2026-06-02 11:16:52.630 [main] INFO  >>> o.s.b.a.h.H2ConsoleAutoConfiguration - H2 console available at '/h2-console'. Database available at 'jdbc:mysql://localhost:3306/products?createDatabaseIfNotExist=true&allowPublicKeyRetrieval=true&useSSL=false&useTimezone=true&serverTimezone=UTC'
2026-06-02 11:16:52.692 [main] INFO  >>> o.a.coyote.http11.Http11NioProtocol - Starting ProtocolHandler ["http-nio-8080"]
2026-06-02 11:16:52.705 [main] INFO  >>> o.s.b.w.e.tomcat.TomcatWebServer - Tomcat started on port 8080 (http) with context path '/'
2026-06-02 11:16:52.712 [main] INFO  >>> b.i.p.Produto12026Application - Started Produto12026Application in 5.402 seconds (process running for 6.05)
2026-06-02 11:16:52.779 [main] WARN  >>> o.s.c.events.SpringDocAppInitializer - SpringDoc /api-docs endpoint is enabled by default. To disable it in production, set the property 'springdoc.api-docs.enabled=false'
2026-06-02 11:16:52.779 [main] WARN  >>> o.s.c.events.SpringDocAppInitializer - SpringDoc /swagger-ui.html endpoint is enabled by default. To disable it in production, set the property 'springdoc.swagger-ui.enabled=false'
2026-06-02 11:19:04.996 [http-nio-8080-exec-1] INFO  >>> o.a.c.c.C.[Tomcat].[localhost].[/] - Initializing Spring DispatcherServlet 'dispatcherServlet'
2026-06-02 11:19:04.996 [http-nio-8080-exec-1] INFO  >>> o.s.web.servlet.DispatcherServlet - Initializing Servlet 'dispatcherServlet'
2026-06-02 11:19:04.998 [http-nio-8080-exec-1] INFO  >>> o.s.web.servlet.DispatcherServlet - Completed initialization in 1 ms
2026-06-02 11:26:00.105 [SpringApplicationShutdownHook] INFO  >>> o.s.b.w.e.tomcat.GracefulShutdown - Commencing graceful shutdown. Waiting for active requests to complete
2026-06-02 11:26:00.110 [tomcat-shutdown] INFO  >>> o.s.b.w.e.tomcat.GracefulShutdown - Graceful shutdown complete
2026-06-02 11:26:00.116 [SpringApplicationShutdownHook] INFO  >>> o.s.o.j.LocalContainerEntityManagerFactoryBean - Closing JPA EntityManagerFactory for persistence unit 'default'
2026-06-02 11:26:00.118 [SpringApplicationShutdownHook] INFO  >>> com.zaxxer.hikari.HikariDataSource - HikariPool-1 - Shutdown initiated...
2026-06-02 11:26:00.125 [SpringApplicationShutdownHook] INFO  >>> com.zaxxer.hikari.HikariDataSource - HikariPool-1 - Shutdown completed.
2026-06-02 11:26:02.081 [background-preinit] INFO  >>> o.h.validator.internal.util.Version - HV000001: Hibernate Validator 8.0.3.Final
2026-06-02 11:26:02.121 [main] INFO  >>> b.i.p.Produto12026Application - Starting Produto12026Application using Java 25.0.2 with PID 18076 (C:\Users\kauan\Documents\Trabalhos IF\Atvs_BackEnd\produto1-2026\target\classes started by kauan in C:\Users\kauan\Documents\Trabalhos IF\Atvs_BackEnd\produto1-2026)
2026-06-02 11:26:02.122 [main] INFO  >>> b.i.p.Produto12026Application - The following 1 profile is active: "dev"
2026-06-02 11:26:02.774 [main] INFO  >>> o.s.d.r.c.RepositoryConfigurationDelegate - Bootstrapping Spring Data JPA repositories in DEFAULT mode.
2026-06-02 11:26:02.828 [main] INFO  >>> o.s.d.r.c.RepositoryConfigurationDelegate - Finished Spring Data repository scanning in 46 ms. Found 5 JPA repository interfaces.
2026-06-02 11:26:03.264 [main] INFO  >>> o.s.b.w.e.tomcat.TomcatWebServer - Tomcat initialized with port 8080 (http)
2026-06-02 11:26:03.285 [main] INFO  >>> o.a.coyote.http11.Http11NioProtocol - Initializing ProtocolHandler ["http-nio-8080"]
2026-06-02 11:26:03.286 [main] INFO  >>> o.a.catalina.core.StandardService - Starting service [Tomcat]
2026-06-02 11:26:03.286 [main] INFO  >>> o.a.catalina.core.StandardEngine - Starting Servlet engine: [Apache Tomcat/10.1.52]
2026-06-02 11:26:03.346 [main] INFO  >>> o.a.c.c.C.[Tomcat].[localhost].[/] - Initializing Spring embedded WebApplicationContext
2026-06-02 11:26:03.346 [main] INFO  >>> o.s.b.w.s.c.ServletWebServerApplicationContext - Root WebApplicationContext: initialization completed in 1189 ms
2026-06-02 11:26:03.572 [main] INFO  >>> com.zaxxer.hikari.HikariDataSource - HikariPool-1 - Starting...
2026-06-02 11:26:03.680 [main] INFO  >>> com.zaxxer.hikari.pool.HikariPool - HikariPool-1 - Added connection com.mysql.cj.jdbc.ConnectionImpl@7440265c
2026-06-02 11:26:03.681 [main] INFO  >>> com.zaxxer.hikari.HikariDataSource - HikariPool-1 - Start completed.
2026-06-02 11:26:03.734 [main] INFO  >>> org.flywaydb.core.FlywayExecutor - Database: jdbc:mysql://localhost:3306/products?createDatabaseIfNotExist=true&allowPublicKeyRetrieval=true&useSSL=false&useTimezone=true&serverTimezone=UTC (MySQL 5.5)
2026-06-02 11:26:03.769 [main] INFO  >>> o.f.core.internal.command.DbValidate - Successfully validated 4 migrations (execution time 00:00.021s)
2026-06-02 11:26:03.780 [main] INFO  >>> o.f.core.internal.command.DbMigrate - Current version of schema `products`: 6
2026-06-02 11:26:03.781 [main] WARN  >>> o.f.core.internal.command.DbMigrate - outOfOrder mode is active. Migration of schema `products` may not be reproducible.
2026-06-02 11:26:03.785 [main] INFO  >>> o.f.core.internal.command.DbMigrate - Schema `products` is up to date. No migration necessary.
2026-06-02 11:26:03.855 [main] INFO  >>> o.h.jpa.internal.util.LogHelper - HHH000204: Processing PersistenceUnitInfo [name: default]
2026-06-02 11:26:03.892 [main] INFO  >>> org.hibernate.Version - HHH000412: Hibernate ORM core version 6.6.42.Final
2026-06-02 11:26:03.915 [main] INFO  >>> o.h.c.i.RegionFactoryInitiator - HHH000026: Second-level cache disabled
2026-06-02 11:26:04.132 [main] INFO  >>> o.s.o.j.p.SpringPersistenceUnitInfo - No LoadTimeWeaver setup: ignoring JPA class transformer
2026-06-02 11:26:04.175 [main] WARN  >>> org.hibernate.dialect.Dialect - HHH000511: The 5.5.5 version for [org.hibernate.dialect.MySQLDialect] is no longer supported, hence certain features may not work properly. The minimum supported version is 8.0.0. Check the community dialects project for available legacy versions.
2026-06-02 11:26:04.185 [main] INFO  >>> o.hibernate.orm.connections.pooling - HHH10001005: Database info:
	Database JDBC URL [Connecting through datasource 'HikariDataSource (HikariPool-1)']
	Database driver: undefined/unknown
	Database version: 5.5.5
	Autocommit mode: undefined/unknown
	Isolation level: undefined/unknown
	Minimum pool size: undefined/unknown
	Maximum pool size: undefined/unknown
2026-06-02 11:26:04.896 [main] INFO  >>> o.h.e.t.j.p.i.JtaPlatformInitiator - HHH000489: No JTA platform available (set 'hibernate.transaction.jta.platform' to enable JTA platform integration)
2026-06-02 11:26:04.912 [main] INFO  >>> o.s.o.j.LocalContainerEntityManagerFactoryBean - Initialized JPA EntityManagerFactory for persistence unit 'default'
2026-06-02 11:26:05.152 [main] INFO  >>> o.s.d.j.r.query.QueryEnhancerFactory - Hibernate is in classpath; If applicable, HQL parser will be used.
2026-06-02 11:26:05.756 [main] INFO  >>> o.s.s.c.a.a.c.InitializeUserDetailsBeanManagerConfigurer$InitializeUserDetailsManagerConfigurer - Global AuthenticationManager configured with UserDetailsService bean with name usuarioService
2026-06-02 11:26:06.611 [main] INFO  >>> o.s.b.a.h.H2ConsoleAutoConfiguration - H2 console available at '/h2-console'. Database available at 'jdbc:mysql://localhost:3306/products?createDatabaseIfNotExist=true&allowPublicKeyRetrieval=true&useSSL=false&useTimezone=true&serverTimezone=UTC'
2026-06-02 11:26:06.676 [main] INFO  >>> o.a.coyote.http11.Http11NioProtocol - Starting ProtocolHandler ["http-nio-8080"]
2026-06-02 11:26:06.690 [main] INFO  >>> o.s.b.w.e.tomcat.TomcatWebServer - Tomcat started on port 8080 (http) with context path '/'
2026-06-02 11:26:06.697 [main] INFO  >>> b.i.p.Produto12026Application - Started Produto12026Application in 5.039 seconds (process running for 5.699)
2026-06-02 11:26:06.766 [main] WARN  >>> o.s.c.events.SpringDocAppInitializer - SpringDoc /api-docs endpoint is enabled by default. To disable it in production, set the property 'springdoc.api-docs.enabled=false'
2026-06-02 11:26:06.767 [main] WARN  >>> o.s.c.events.SpringDocAppInitializer - SpringDoc /swagger-ui.html endpoint is enabled by default. To disable it in production, set the property 'springdoc.swagger-ui.enabled=false'
2026-06-02 11:26:10.510 [http-nio-8080-exec-1] INFO  >>> o.a.c.c.C.[Tomcat].[localhost].[/] - Initializing Spring DispatcherServlet 'dispatcherServlet'
2026-06-02 11:26:10.511 [http-nio-8080-exec-1] INFO  >>> o.s.web.servlet.DispatcherServlet - Initializing Servlet 'dispatcherServlet'
2026-06-02 11:26:10.512 [http-nio-8080-exec-1] INFO  >>> o.s.web.servlet.DispatcherServlet - Completed initialization in 1 ms
2026-06-02 11:28:40.247 [SpringApplicationShutdownHook] INFO  >>> o.s.b.w.e.tomcat.GracefulShutdown - Commencing graceful shutdown. Waiting for active requests to complete
2026-06-02 11:28:40.253 [tomcat-shutdown] INFO  >>> o.s.b.w.e.tomcat.GracefulShutdown - Graceful shutdown complete
2026-06-02 11:28:40.258 [SpringApplicationShutdownHook] INFO  >>> o.s.o.j.LocalContainerEntityManagerFactoryBean - Closing JPA EntityManagerFactory for persistence unit 'default'
2026-06-02 11:28:40.260 [SpringApplicationShutdownHook] INFO  >>> com.zaxxer.hikari.HikariDataSource - HikariPool-1 - Shutdown initiated...
2026-06-02 11:28:40.265 [SpringApplicationShutdownHook] INFO  >>> com.zaxxer.hikari.HikariDataSource - HikariPool-1 - Shutdown completed.
2026-06-02 11:28:42.224 [background-preinit] INFO  >>> o.h.validator.internal.util.Version - HV000001: Hibernate Validator 8.0.3.Final
2026-06-02 11:28:42.257 [main] INFO  >>> b.i.p.Produto12026Application - Starting Produto12026Application using Java 25.0.2 with PID 8152 (C:\Users\kauan\Documents\Trabalhos IF\Atvs_BackEnd\produto1-2026\target\classes started by kauan in C:\Users\kauan\Documents\Trabalhos IF\Atvs_BackEnd\produto1-2026)
2026-06-02 11:28:42.257 [main] INFO  >>> b.i.p.Produto12026Application - The following 1 profile is active: "dev"
2026-06-02 11:28:42.896 [main] INFO  >>> o.s.d.r.c.RepositoryConfigurationDelegate - Bootstrapping Spring Data JPA repositories in DEFAULT mode.
2026-06-02 11:28:42.948 [main] INFO  >>> o.s.d.r.c.RepositoryConfigurationDelegate - Finished Spring Data repository scanning in 45 ms. Found 5 JPA repository interfaces.
2026-06-02 11:28:43.399 [main] INFO  >>> o.s.b.w.e.tomcat.TomcatWebServer - Tomcat initialized with port 8080 (http)
2026-06-02 11:28:43.408 [main] INFO  >>> o.a.coyote.http11.Http11NioProtocol - Initializing ProtocolHandler ["http-nio-8080"]
2026-06-02 11:28:43.409 [main] INFO  >>> o.a.catalina.core.StandardService - Starting service [Tomcat]
2026-06-02 11:28:43.409 [main] INFO  >>> o.a.catalina.core.StandardEngine - Starting Servlet engine: [Apache Tomcat/10.1.52]
2026-06-02 11:28:43.471 [main] INFO  >>> o.a.c.c.C.[Tomcat].[localhost].[/] - Initializing Spring embedded WebApplicationContext
2026-06-02 11:28:43.471 [main] INFO  >>> o.s.b.w.s.c.ServletWebServerApplicationContext - Root WebApplicationContext: initialization completed in 1183 ms
2026-06-02 11:28:43.694 [main] INFO  >>> com.zaxxer.hikari.HikariDataSource - HikariPool-1 - Starting...
2026-06-02 11:28:43.802 [main] INFO  >>> com.zaxxer.hikari.pool.HikariPool - HikariPool-1 - Added connection com.mysql.cj.jdbc.ConnectionImpl@f48a080
2026-06-02 11:28:43.803 [main] INFO  >>> com.zaxxer.hikari.HikariDataSource - HikariPool-1 - Start completed.
2026-06-02 11:28:43.858 [main] INFO  >>> org.flywaydb.core.FlywayExecutor - Database: jdbc:mysql://localhost:3306/products?createDatabaseIfNotExist=true&allowPublicKeyRetrieval=true&useSSL=false&useTimezone=true&serverTimezone=UTC (MySQL 5.5)
2026-06-02 11:28:43.894 [main] INFO  >>> o.f.core.internal.command.DbValidate - Successfully validated 4 migrations (execution time 00:00.021s)
2026-06-02 11:28:43.907 [main] INFO  >>> o.f.core.internal.command.DbMigrate - Current version of schema `products`: 6
2026-06-02 11:28:43.908 [main] WARN  >>> o.f.core.internal.command.DbMigrate - outOfOrder mode is active. Migration of schema `products` may not be reproducible.
2026-06-02 11:28:43.912 [main] INFO  >>> o.f.core.internal.command.DbMigrate - Schema `products` is up to date. No migration necessary.
2026-06-02 11:28:43.979 [main] INFO  >>> o.h.jpa.internal.util.LogHelper - HHH000204: Processing PersistenceUnitInfo [name: default]
2026-06-02 11:28:44.019 [main] INFO  >>> org.hibernate.Version - HHH000412: Hibernate ORM core version 6.6.42.Final
2026-06-02 11:28:44.044 [main] INFO  >>> o.h.c.i.RegionFactoryInitiator - HHH000026: Second-level cache disabled
2026-06-02 11:28:44.323 [main] INFO  >>> o.s.o.j.p.SpringPersistenceUnitInfo - No LoadTimeWeaver setup: ignoring JPA class transformer
2026-06-02 11:28:44.376 [main] WARN  >>> org.hibernate.dialect.Dialect - HHH000511: The 5.5.5 version for [org.hibernate.dialect.MySQLDialect] is no longer supported, hence certain features may not work properly. The minimum supported version is 8.0.0. Check the community dialects project for available legacy versions.
2026-06-02 11:28:44.389 [main] INFO  >>> o.hibernate.orm.connections.pooling - HHH10001005: Database info:
	Database JDBC URL [Connecting through datasource 'HikariDataSource (HikariPool-1)']
	Database driver: undefined/unknown
	Database version: 5.5.5
	Autocommit mode: undefined/unknown
	Isolation level: undefined/unknown
	Minimum pool size: undefined/unknown
	Maximum pool size: undefined/unknown
2026-06-02 11:28:45.112 [main] INFO  >>> o.h.e.t.j.p.i.JtaPlatformInitiator - HHH000489: No JTA platform available (set 'hibernate.transaction.jta.platform' to enable JTA platform integration)
2026-06-02 11:28:45.131 [main] INFO  >>> o.s.o.j.LocalContainerEntityManagerFactoryBean - Initialized JPA EntityManagerFactory for persistence unit 'default'
2026-06-02 11:28:45.343 [main] INFO  >>> o.s.d.j.r.query.QueryEnhancerFactory - Hibernate is in classpath; If applicable, HQL parser will be used.
2026-06-02 11:28:45.860 [main] INFO  >>> o.s.s.c.a.a.c.InitializeUserDetailsBeanManagerConfigurer$InitializeUserDetailsManagerConfigurer - Global AuthenticationManager configured with UserDetailsService bean with name usuarioService
2026-06-02 11:28:47.534 [main] INFO  >>> o.s.b.a.h.H2ConsoleAutoConfiguration - H2 console available at '/h2-console'. Database available at 'jdbc:mysql://localhost:3306/products?createDatabaseIfNotExist=true&allowPublicKeyRetrieval=true&useSSL=false&useTimezone=true&serverTimezone=UTC'
2026-06-02 11:28:47.594 [main] INFO  >>> o.a.coyote.http11.Http11NioProtocol - Starting ProtocolHandler ["http-nio-8080"]
2026-06-02 11:28:47.606 [main] INFO  >>> o.s.b.w.e.tomcat.TomcatWebServer - Tomcat started on port 8080 (http) with context path '/'
2026-06-02 11:28:47.613 [main] INFO  >>> b.i.p.Produto12026Application - Started Produto12026Application in 5.823 seconds (process running for 6.462)
2026-06-02 11:28:47.678 [main] WARN  >>> o.s.c.events.SpringDocAppInitializer - SpringDoc /api-docs endpoint is enabled by default. To disable it in production, set the property 'springdoc.api-docs.enabled=false'
2026-06-02 11:28:47.679 [main] WARN  >>> o.s.c.events.SpringDocAppInitializer - SpringDoc /swagger-ui.html endpoint is enabled by default. To disable it in production, set the property 'springdoc.swagger-ui.enabled=false'
